Make,Type,Year,Mileage,Region,Price
Chrysler,C300,2018,103000,Riyadh,114000.0
Nissan,Sunny,2019,72418,Riyadh,27500.0
Hyundai,Elantra,2019,114154,Riyadh,43000.0
Hyundai,Elantra,2019,41912,Riyadh,59500.0
Honda,Accord,2018,39000,Riyadh,72000.0
Toyota,Land Cruiser,2011,183000,Riyadh,92000.0
Chevrolet,Impala,2019,70000,Riyadh,80000.0
Toyota,Yaris,2018,131000,Jeddah,32000.0
Toyota,Camry,2017,107000,Dammam,50000.0
Nissan,Patrol,2014,106000,Dammam,135000.0
Chevrolet,Tahoe,2018,176140,Riyadh,153000.0
Mercedes,CLA,2020,20000,Riyadh,235000.0
Mercedes,E,2017,20600,Dammam,210000.0
Hyundai,Accent,2019,83000,Jeddah,37000.0
Toyota,Corolla,2018,7702,Dammam,45000.0
MINI,Copper,2016,110000,Dammam,83000.0
Nissan,Sunny,2017,58000,Al-Medina,24500.0
Nissan,Patrol,2016,93000,Jeddah,83000.0
Toyota,Prado,2021,3000,Dammam,174000.0
Hyundai,Elantra,2018,83000,Riyadh,50000.0
Honda,Civic,2017,200000,Jeddah,38000.0
Toyota,Furniture,2021,29000,Qassim,145000.0
Lexus,RX,2019,129000,Jeddah,178000.0
Land Rover,Range Rover,2014,80000,Makkah,230000.0
GMC,Yukon,2017,137317,Dammam,130000.0
Nissan,Bus Urvan,2020,27000,Riyadh,68000.0
Toyota,Aurion,2015,300000,Jazan,50000.0
Nissan,Sunny,2019,112963,Riyadh,27500.0
Hyundai,Elantra,2019,108650,Riyadh,43000.0
Chevrolet,Malibu,2013,122455,Riyadh,36000.0
Nissan,Sunny,2019,93762,Riyadh,26800.0
Toyota,Rav4,2020,15000,Dammam,111000.0
Mazda,CX9,2019,89000,Riyadh,99000.0
Ford,Expedition,2013,348000,Riyadh,50000.0
GMC,Yukon,2008,286000,Riyadh,48000.0
Toyota,Camry,2020,46000,Riyadh,75000.0
Lexus,ES,2015,85000,Riyadh,80000.0
Toyota,Land Cruiser,1993,400000,Tabouk,12000.0
Kia,Cadenza,2017,115000,Riyadh,55000.0
Hyundai,Tucson,2016,157000,Riyadh,50000.0
Hyundai,Tucson,2019,24000,Riyadh,68000.0
Genesis,Platinum,2015,181000,Riyadh,70000.0
Genesis,G80,2019,84000,Riyadh,120000.0
Toyota,Prado,2016,201000,Riyadh,108000.0
GMC,Yukon,2009,395000,Riyadh,43000.0
Toyota,Rav4,2016,363000,Riyadh,58000.0
Hyundai,Accent,2020,2000,Riyadh,42000.0
Lexus,ES,2013,349000,Riyadh,70000.0
Hyundai,Sonata,2019,78000,Riyadh,62000.0
Genesis,G80,2018,75000,Riyadh,110000.0
Honda,Accord,2016,350000,Riyadh,50000.0
Genesis,G80,2018,127000,Riyadh,93000.0
Lexus,LX,2015,247000,Riyadh,165000.0
Nissan,Patrol,2012,381000,Riyadh,75000.0
GMC,Yukon,2008,382000,Riyadh,45000.0
Lexus,GX,2015,146000,Riyadh,126000.0
Nissan,Sunny,2019,87537,Riyadh,26800.0
Nissan,Sunny,2019,99104,Riyadh,26800.0
Nissan,Sunny,2019,106007,Riyadh,26800.0
Nissan,Sunny,2019,88564,Riyadh,26800.0
Hyundai,Azera,2016,166000,Riyadh,47000.0
Honda,Accord,2015,196000,Riyadh,59000.0
Genesis,G80,2018,70000,Riyadh,110000.0
Chevrolet,Tahoe,2014,382000,Riyadh,60000.0
Cadillac,CT-S,2010,240000,Riyadh,32000.0
Toyota,Prado,2013,108000,Riyadh,87000.0
Geely,EC7,2014,161300,Riyadh,12000.0
MG,ZS,2019,23000,Riyadh,47000.0
Lexus,ES,2019,26000,Jeddah,207000.0
Hyundai,Kona,2019,19000,Riyadh,59000.0
Jeep,Grand Cherokee,2014,120000,Riyadh,85000.0
GMC,Yukon,2016,63000,Riyadh,140000.0
Honda,Accord,2015,221000,Riyadh,48000.0
Mercedes,S,2006,235115,Riyadh,15000.0
INFINITI,M,2007,303000,Riyadh,10000.0
Dodge,Charger,2018,85000,Aseer,130000.0
Mercedes,S,2018,73000,Riyadh,345000.0
Ford,Taurus,2018,82000,Riyadh,77000.0
Mercedes,E,2014,49000,Dammam,75000.0
Nissan,Sunny,2019,105739,Riyadh,26800.0
Nissan,Sunny,2019,55526,Riyadh,27500.0
Nissan,Sunny,2019,98659,Riyadh,27500.0
Nissan,Sunny,2019,95623,Riyadh,27500.0
Hyundai,Elantra,2019,86000,Dammam,54000.0
Toyota,Yaris,2018,128000,Jeddah,32000.0
Nissan,Patrol,1992,357000,Dammam,27000.0
Ferrari,GTB 599 Fiorano,2008,59000,Dammam,280000.0
Mercedes,CLA,2020,15000,Riyadh,410000.0
Mercedes,E,2017,98000,Dammam,210000.0
Hyundai,Accent,2019,101000,Jeddah,37000.0
Mazda,CX9,2017,93000,Dammam,111000.0
Genesis,Royal,2015,194000,Riyadh,85000.0
Toyota,Corolla,2015,176277,Dammam,37000.0
Kia,Picanto,2015,133000,Al-Medina,18500.0
Great Wall,Power,2021,4000,Al-Medina,95000.0
Nissan,Datsun,2015,212000,Riyadh,42000.0
Jaguar,F-Pace,2018,70000,Jeddah,145000.0
Toyota,Hilux,2016,28000,Dammam,95000.0
Toyota,Furniture,2019,113000,Riyadh,105000.0
Ford,Expedition,2016,104000,Dammam,95000.0
Honda,Accord,2019,8200,Dammam,107000.0
Chevrolet,Suburban,2001,500000,Riyadh,15000.0
Ford,Explorer,2016,93000,Riyadh,95000.0
Lexus,LX,2020,27000,Riyadh,418000.0
Hyundai,Elantra,2019,120496,Riyadh,40800.0
Hyundai,Elantra,2019,120244,Riyadh,43000.0
Hyundai,Accent,2014,101231,Riyadh,21500.0
Nissan,Sunny,2017,106646,Riyadh,22500.0
Ford,Expedition,2017,34000,Riyadh,108000.0
Land Rover,Range Rover,2009,195000,Jeddah,45000.0
Hyundai,Elantra,2018,81000,Riyadh,44000.0
Hyundai,Sonata,2018,99000,Riyadh,62000.0
Dodge,Charger,2016,151000,Riyadh,69000.0
Kia,Cadenza,2018,74000,Riyadh,60000.0
Toyota,Furniture,2019,40000,Riyadh,120000.0
Hyundai,Accent,2018,78000,Riyadh,36000.0
Hyundai,Sonata,2013,205000,Riyadh,40000.0
Toyota,FJ,2013,296000,Riyadh,79000.0
Kia,Cadenza,2017,179000,Riyadh,73000.0
Hyundai,Elantra,2018,88000,Riyadh,44000.0
Hyundai,Elantra,2018,96000,Riyadh,47000.0
Genesis,G80,2019,66000,Riyadh,120000.0
Hyundai,Sonata,2014,216000,Riyadh,41000.0
Toyota,Camry,2016,244000,Riyadh,59000.0
Genesis,Royal,2016,55000,Riyadh,95000.0
Toyota,FJ,2015,190000,Riyadh,98000.0
Hyundai,Senta fe,2018,41542,Riyadh,69000.0
Kia,Optima,2017,245000,Riyadh,45000.0
Genesis,Royal,2018,78000,Riyadh,110000.0
Kia,Cadenza,2015,180000,Riyadh,57000.0
GAC,GS8,2020,29200,Jeddah,80000.0
Toyota,Furniture,2017,400000,Riyadh,60000.0
Nissan,Sunny,2018,108708,Riyadh,24000.0
Nissan,Sunny,2018,124758,Riyadh,24000.0
Nissan,Sunny,2017,158218,Riyadh,24500.0
Kia,Cadenza,2017,83000,Riyadh,50000.0
Hyundai,Azera,2018,79000,Riyadh,75000.0
Genesis,G80,2018,97000,Riyadh,98000.0
Kia,Cadenza,2016,122000,Riyadh,50000.0
Hyundai,Azera,2017,168000,Riyadh,55000.0
Nissan,Maxima,2017,121000,Riyadh,64000.0
Toyota,Land Cruiser,2015,300000,Riyadh,135000.0
Chevrolet,Caprice,2015,264000,Riyadh,69000.0
Dodge,Challenger,2017,113000,Dammam,99000.0
Honda,Accord,2018,75000,Dammam,92000.0
Lexus,ES,2016,88000,Dammam,115000.0
Nissan,Datsun,2015,182000,Dammam,29000.0
Chevrolet,Camaro,2016,94000,Dammam,106000.0
Genesis,G80,2020,11000,Riyadh,125000.0
Ford,Taurus,2018,100000,Dammam,89000.0
Ford,Taurus,2015,103000,Dammam,78000.0
Hyundai,Tucson,2019,67000,Riyadh,75000.0
Kia,Cadenza,2018,94000,Riyadh,55000.0
Hyundai,Elantra,2019,95000,Riyadh,52000.0
Hyundai,Accent,2017,147000,Riyadh,29000.0
Genesis,Royal,2016,140000,Riyadh,88000.0
GMC,Yukon,2016,152000,Riyadh,122000.0
Toyota,Land Cruiser,2018,61312,Riyadh,270000.0
Nissan,Sunny,2017,152973,Riyadh,24500.0
Renault,Symbol,2020,46505,Riyadh,26000.0
Renault,Fluence,2015,116633,Riyadh,25500.0
Nissan,Sunny,2018,90418,Riyadh,25500.0
Mazda,6,2019,129000,Riyadh,65000.0
Hyundai,Elantra,2014,119000,Riyadh,33000.0
Honda,Accord,2017,173000,Riyadh,68000.0
MG,RX5,2018,109000,Riyadh,49000.0
Toyota,Land Cruiser,2012,448000,Riyadh,109000.0
Ford,Taurus,2016,136000,Riyadh,58000.0
Genesis,G80,2018,97000,Riyadh,98000.0
Toyota,FJ,2015,259880,Riyadh,89000.0
Kia,Cadenza,2019,73000,Riyadh,65000.0
GMC,Yukon,2011,600000,Riyadh,36000.0
Hyundai,Kona,2019,22000,Riyadh,77000.0
Toyota,Avalon,2016,123000,Riyadh,93000.0
Dodge,Charger,2018,79000,Riyadh,79000.0
Hyundai,Senta fe,2016,126000,Riyadh,63000.0
Toyota,FJ,2013,154000,Riyadh,77000.0
Chrysler,C300,2017,130000,Riyadh,88000.0
Kia,Optima,2018,40000,Riyadh,55000.0
Hyundai,Azera,2016,130000,Riyadh,50000.0
Suzuki,APV,2016,110000,Riyadh,29500.0
Honda,Accord,2016,116000,Riyadh,62000.0
Peugeot,3008,2018,30000,Riyadh,79000.0
Kia,Cadenza,2016,145000,Riyadh,63000.0
Cadillac,SRX,2016,83000,Riyadh,70000.0
Kia,Cerato,2019,43629,Jeddah,43500.0
Nissan,Sunny,2018,106036,Riyadh,25900.0
Nissan,Sunny,2019,104688,Riyadh,26000.0
Nissan,Sunny,2019,86754,Riyadh,26000.0
Nissan,Sunny,2019,105509,Riyadh,26000.0
Chevrolet,Traverse,2017,110000,Riyadh,49000.0
Honda,Accord,2017,63000,Riyadh,88000.0
Genesis,G80,2017,183000,Riyadh,85000.0
Honda,Accord,2012,251000,Riyadh,38000.0
Hyundai,Sonata,2018,63000,Riyadh,58000.0
Kia,Optima,2016,91000,Riyadh,45000.0
Hyundai,Sonata,2018,130000,Riyadh,50000.0
GMC,Sierra,2011,258000,Riyadh,50000.0
Honda,Accord,2017,126000,Riyadh,75000.0
Mercedes,S,2007,243000,Riyadh,45000.0
Ford,F150,2012,352000,Riyadh,38000.0
Nissan,Maxima,2017,135000,Riyadh,73000.0
Toyota,Land Cruiser,2014,210600,Riyadh,120000.0
Hyundai,Sonata,2016,104000,Riyadh,58000.0
Ford,Explorer,2016,112000,Riyadh,83000.0
Hyundai,Genesis,2017,128000,Riyadh,83000.0
Toyota,Corolla,2015,370000,Riyadh,30000.0
Honda,Accord,2017,223000,Riyadh,75000.0
Kia,Cerato,2017,72000,Riyadh,37500.0
Ford,Taurus,2018,71000,Riyadh,77000.0
Lexus,NX,2017,63000,Dammam,174000.0
Hyundai,Elantra,2019,59700,Dammam,54500.0
Hyundai,Senta fe,2020,93000,Riyadh,82000.0
Mercedes,C,2015,73000,Riyadh,90000.0
Nissan,Sunny,2019,96341,Riyadh,26000.0
Nissan,Sunny,2019,87775,Riyadh,26000.0
Nissan,Sunny,2019,89136,Riyadh,26000.0
Nissan,Sunny,2019,71913,Riyadh,26500.0
MG,RX5,2019,39000,Jeddah,56000.0
Genesis,G70,2019,11000,Riyadh,109000.0
Ford,Flex,2012,277000,Dammam,30000.0
GMC,Yukon,2015,200000,Dammam,150000.0
GMC,Yukon,2016,126000,Riyadh,176000.0
Mercedes,E,2021,4000,Riyadh,259000.0
Lexus,UX,2019,7000,Dammam,165000.0
Toyota,Camry,2016,238000,Jeddah,48500.0
Mercedes,C,2016,84000,Dammam,129000.0
Land Rover,Range Rover,2019,1800,Riyadh,350000.0
Toyota,Yaris,2015,193000,Dammam,25000.0
Mercedes,S,2015,46000,Dammam,210000.0
Kia,Picanto,2015,136000,Al-Medina,18500.0
GMC,Yukon,2008,200000,Jeddah,38000.0
Hyundai,Sonata,2018,55000,Riyadh,60000.0
Kia,Cores,2014,81000,Jeddah,78000.0
Honda,Accord,2018,32000,Jeddah,97000.0
Toyota,Camry,2017,97000,Dammam,68000.0
Chevrolet,Tahoe,2019,117000,Riyadh,145000.0
Hyundai,Kona,2019,76000,Jeddah,56000.0
Hyundai,Creta,2017,125000,Al-Ahsa,57000.0
Chevrolet,Impala,2018,75000,Riyadh,64000.0
GMC,Yukon,2011,200000,Taef,70000.0
Nissan,Sunny,2019,88795,Riyadh,26500.0
Kia,Rio,2016,272232,Riyadh,26500.0
Nissan,Sunny,2017,145161,Riyadh,27000.0
Nissan,Sunny,2018,117081,Riyadh,27000.0
Honda,Odyssey,2015,192000,Dammam,58000.0
Geely,EC8,2016,80000,Aseer,22000.0
Mazda,6,2014,201000,Riyadh,42000.0
Toyota,Prado,2018,39000,Riyadh,131500.0
Nissan,Sylvian Bus,2018,3000,Riyadh,107000.0
Toyota,Prado,2018,86000,Riyadh,127000.0
Lexus,LX,2018,105000,Riyadh,355000.0
Land Rover,Range Rover,2014,131000,Riyadh,230000.0
Hyundai,H1,2015,131000,Al-Medina,42000.0
Mercedes,S,2015,109000,Riyadh,199000.0
Toyota,Camry,2019,13000,Riyadh,94000.0
Toyota,Camry,2020,37000,Riyadh,80000.0
Toyota,Hilux,2014,125000,Riyadh,40000.0
Ford,Taurus,2019,49000,Riyadh,82000.0
Toyota,Camry,2019,48000,Riyadh,80000.0
Hyundai,Sonata,2018,116000,Riyadh,55000.0
Ford,Expedition,2013,235000,Riyadh,50000.0
Nissan,Patrol,2015,228000,Riyadh,130000.0
Toyota,Ciocca,2009,343000,Riyadh,60000.0
Chevrolet,Tahoe,2015,233000,Riyadh,98000.0
Toyota,Land Cruiser Pickup,2018,98000,Riyadh,105000.0
Genesis,G80,2019,50000,Riyadh,125000.0
Toyota,Cressida,1996,8000,Aseer,13000.0
Lexus,LX,2018,122000,Taef,340000.0
Renault,Duster,2017,49597,Riyadh,27500.0
Changan,Seven,2020,37644,Riyadh,27500.0
Changan,Seven,2020,55531,Riyadh,27500.0
Changan,Seven,2020,49214,Riyadh,27500.0
Mercedes,GLC,2017,143000,Riyadh,155000.0
Chevrolet,Impala,2017,89000,Riyadh,62000.0
Kia,Carnival,2016,118000,Riyadh,59000.0
Honda,Accord,2018,38000,Riyadh,87000.0
Toyota,Camry,2016,62000,Riyadh,75000.0
Mercedes,C,2015,173000,Riyadh,108000.0
Geely,EC8,2012,200000,Riyadh,11500.0
Lexus,ES,2016,45000,Riyadh,112000.0
HAVAL,H6,2020,2000,Jeddah,69000.0
Chrysler,300,2016,16000,Riyadh,90000.0
Ford,Flex,2017,110000,Riyadh,67000.0
Nissan,Patrol,2016,92000,Riyadh,175000.0
Mercedes,E,2016,114000,Riyadh,106000.0
Toyota,FJ,2015,259880,Riyadh,89000.0
Kia,Optima,2017,75000,Riyadh,48000.0
GMC,Yukon,2017,96000,Riyadh,145000.0
BMW,The 7,2017,87000,Riyadh,175000.0
Chevrolet,Impala,2016,114000,Riyadh,65000.0
Ford,Explorer,2016,111000,Riyadh,75000.0
Toyota,Camry,2016,81000,Riyadh,62000.0
Toyota,Camry,2016,78000,Riyadh,57000.0
Chevrolet,Tahoe,2016,97000,Riyadh,135000.0
Chevrolet,Spark,2019,63744,Riyadh,25000.0
Nissan,Z370,2015,111075,Jazan,80000.0
Ford,Victoria,2006,320000,Taef,19500.0
Kia,Rio,2017,180818,Riyadh,27500.0
Kia,Rio,2017,144024,Riyadh,27500.0
Changan,Seven,2020,47528,Riyadh,28500.0
Changan,Seven,2020,36833,Riyadh,28500.0
Hyundai,Accent,2018,71000,Riyadh,38000.0
Hyundai,Sonata,2018,65239,Qassim,67000.0
Toyota,Yaris,2018,131000,Jeddah,35000.0
Ford,Expedition,2008,346000,Dammam,27000.0
Rolls-Royce,Ghost,2010,175000,Dammam,310000.0
Genesis,G80,2016,124000,Riyadh,86000.0
Mercedes,E,2019,38000,Riyadh,216000.0
Porsche,911,2013,26000,Dammam,280000.0
Toyota,Corolla,2018,121000,Jeddah,48000.0
Genesis,Royal,2015,98000,Riyadh,111000.0
BMW,The 7,2020,14000,Riyadh,349000.0
Kia,Carnival,2009,126000,Dammam,20000.0
Lexus,ES,2019,40000,Dammam,185000.0
Mitsubishi,Attrage,2018,68000,Al-Medina,26500.0
Ford,Focus,2014,75000,Riyadh,21000.0
Chevrolet,Caprice,2013,106000,Dammam,79000.0
Chevrolet,Impala,2016,91000,Dammam,55000.0
Toyota,Furniture,2014,127000,Jeddah,57000.0
Toyota,Land Cruiser,2020,21000,Jazan,275000.0
Nissan,Sunny,2018,79968,Riyadh,29000.0
Toyota,Yaris,2015,203429,Riyadh,29000.0
Hyundai,Accent,2018,93788,Riyadh,29000.0
Renault,Duster,2018,164169,Riyadh,29500.0
GMC,Sierra,2020,17000,Dammam,156000.0
Chevrolet,Tahoe,2019,34000,Riyadh,158000.0
Kia,Rio,2017,170000,Jeddah,26000.0
Ford,Explorer,2015,160000,Al-Ahsa,65000.0
Nissan,X-Trail,2006,238000,Dammam,13000.0
Toyota,Land Cruiser,2020,124000,Jeddah,250000.0
Toyota,Land Cruiser,2015,119000,Dammam,180000.0
Chevrolet,Tahoe,2015,168000,Dammam,110000.0
Honda,Accord,2019,45000,Riyadh,102000.0
Mercedes,C,2017,210000,Riyadh,210000.0
Nissan,Land Cruiser Pickup,2016,44000,Riyadh,95000.0
Toyota,Land Cruiser,2019,60000,Riyadh,240000.0
Lexus,LX,2020,455000,Riyadh,455000.0
Ford,F150,2017,140000,Riyadh,145000.0
Toyota,Hilux,2016,388000,Riyadh,55000.0
Subaru,Forester,2010,113000,Dammam,18500.0
Zhengzhou,Pick up,2020,13800,Sabya,35000.0
Toyota,Ciocca,2009,275000,Makkah,55000.0
Renault,Duster,2018,53811,Riyadh,29500.0
Nissan,Sunny,2019,93049,Riyadh,29500.0
Nissan,Sunny,2019,87042,Riyadh,29500.0
Nissan,Sunny,2019,85093,Riyadh,29500.0
Land Rover,Range Rover,2015,140000,Riyadh,260000.0
BMW,The 4,2015,122000,Riyadh,110000.0
Lexus,GS,2017,78000,Riyadh,170000.0
Mitsubishi,Pajero,2018,56525,Riyadh,78000.0
Hyundai,Sonata,2016,76000,Riyadh,68000.0
Mercedes,C,2016,119000,Riyadh,130000.0
Chrysler,C300,2018,49000,Riyadh,135000.0
Land Rover,Range Rover,2016,110000,Riyadh,255000.0
Land Rover,Range Rover,2016,132000,Riyadh,235000.0
MINI,Copper,2016,42000,Riyadh,95000.0
Chevrolet,Impala,2019,84000,Riyadh,77000.0
Toyota,Avalon,2017,53000,Riyadh,118000.0
Nissan,Patrol,2019,43000,Riyadh,225000.0
GMC,Acadia,2016,106000,Riyadh,75000.0
GMC,Sierra,2020,32000,Riyadh,158000.0
Land Rover,Range Rover,2020,36000,Riyadh,540000.0
Lexus,ES,2017,95000,Riyadh,141000.0
Lexus,ES,2017,39000,Riyadh,160000.0
Honda,City,2016,51000,Riyadh,41000.0
Land Rover,Range Rover,2019,28000,Riyadh,450000.0
Lexus,LX,2018,107000,Riyadh,365000.0
Mitsubishi,Pajero,2018,56000,Riyadh,76000.0
Chevrolet,Tahoe,2017,73000,Riyadh,142000.0
Toyota,Prado,2017,39000,Riyadh,151000.0
Kia,Cadenza,2019,72000,Riyadh,88000.0
Ford,Echo Sport,2020,2700,Riyadh,55000.0
Nissan,Sunny,2019,123291,Riyadh,29500.0
Renault,Duster,2018,117719,Riyadh,29500.0
Ford,Vego,2019,51717,Jeddah,29500.0
Ford,Vego,2019,26323,Jeddah,29500.0
Mercedes,CLA,2017,103000,Riyadh,110000.0
Lexus,ES,2017,75000,Riyadh,125000.0
Lexus,ES,2017,24000,Riyadh,160000.0
Chevrolet,Tahoe,2017,55000,Riyadh,168000.0
Land Rover,Range Rover,2018,26000,Riyadh,170000.0
BMW,The 5,2016,105000,Riyadh,85000.0
Toyota,Camry,2016,83000,Riyadh,72000.0
Hyundai,Sonata,2019,35000,Riyadh,64000.0
Land Rover,Range Rover,2016,125000,Riyadh,245000.0
Chevrolet,Silverado,2017,110000,Riyadh,107000.0
Audi,A5,2016,90000,Riyadh,115000.0
Hyundai,Senta fe,2016,12000,Riyadh,79000.0
Chevrolet,Tahoe,2016,197000,Riyadh,92000.0
Jeep,Cherokee,2016,81000,Riyadh,88000.0
Toyota,Camry,2018,42000,Riyadh,95000.0
Land Rover,Range Rover,2016,120000,Riyadh,235000.0
Nissan,Altima,2018,48000,Riyadh,68000.0
BMW,X,2016,130000,Riyadh,160000.0
Nissan,Patrol,2015,134000,Riyadh,135000.0
Lexus,ES,2017,100000,Riyadh,115000.0
MINI,Copper,2018,59000,Riyadh,85000.0
Lexus,ES,2017,85000,Riyadh,141000.0
Lexus,ES,2017,75000,Riyadh,141000.0
Chevrolet,Impala,2019,85000,Riyadh,68500.0
Lincoln,Navigator,2008,532000,Khobar,35000.0
Toyota,FJ,2020,46000,Riyadh,135000.0
Hyundai,Accent,2018,106818,Riyadh,29500.0
Hyundai,Accent,2017,103461,Riyadh,30000.0
Hyundai,Accent,2017,110448,Riyadh,30000.0
Hyundai,Accent,2017,143021,Riyadh,30000.0
Chevrolet,Suburban,2018,48000,Riyadh,163000.0
Chevrolet,Impala,2019,85000,Riyadh,73000.0
Honda,Odyssey,2016,80000,Riyadh,72000.0
Nissan,Altima,2019,1000,Riyadh,115000.0
Genesis,G80,2017,66000,Riyadh,119000.0
Mercedes,S,2015,53000,Riyadh,260000.0
Mercedes,C,2017,120000,Riyadh,143000.0
Mercedes,E,2016,120000,Riyadh,135000.0
Land Rover,Range Rover,2016,58000,Riyadh,250000.0
Lexus,RX,2017,59000,Riyadh,188000.0
Hyundai,Sonata,2019,28000,Riyadh,68000.0
Mercedes,S,2019,6000,Riyadh,470000.0
Hyundai,Senta fe,2015,350000,Riyadh,52000.0
Lexus,LX,2015,94000,Riyadh,238000.0
Chevrolet,Tahoe,2010,292000,Riyadh,55000.0
Chevrolet,Suburban,2018,58000,Riyadh,170000.0
Kia,Optima,2018,48000,Riyadh,67000.0
Jeep,Wrangler,2017,42000,Riyadh,110000.0
Mercedes,CLA,2019,28000,Riyadh,149000.0
GMC,Yukon,2016,88000,Riyadh,141000.0
Ford,Expedition,2016,81000,Riyadh,88000.0
Hyundai,Sonata,2016,38000,Riyadh,63000.0
Lexus,ES,2015,104000,Riyadh,105000.0
Mercedes,G,2015,213000,Riyadh,240000.0
Chevrolet,Impala,2014,189000,Dammam,40000.0
Hyundai,Accent,2017,173700,Riyadh,30000.0
Hyundai,Accent,2017,207135,Riyadh,30000.0
Hyundai,Accent,2017,114250,Riyadh,30000.0
Hyundai,Accent,2017,197990,Riyadh,30000.0
Cadillac,XT5,2017,91000,Riyadh,130000.0
Jeep,Wrangler,2018,40000,Riyadh,115000.0
GMC,Acadia,2016,148000,Riyadh,70000.0
GMC,Yukon,2016,55000,Riyadh,175000.0
Chevrolet,Cruze,2016,52000,Riyadh,45000.0
Mercedes,GLC,2018,51000,Riyadh,185000.0
Kia,Optima,2015,79680,Riyadh,49000.0
Kia,Cadenza,2018,69000,Riyadh,95000.0
GMC,Yukon,2016,61000,Riyadh,165000.0
GMC,Sierra,2011,231000,Riyadh,45000.0
Ford,Explorer,2016,53000,Riyadh,113000.0
GMC,Sierra,2020,37000,Riyadh,159000.0
Lexus,ES,2016,92000,Riyadh,115000.0
Toyota,Land Cruiser,2016,42000,Riyadh,138000.0
Mercedes,C,2015,54000,Riyadh,120000.0
Chevrolet,Tahoe,2016,146000,Riyadh,118000.0
Land Rover,Range Rover,2016,102000,Riyadh,252000.0
Toyota,Camry,2007,450000,Riyadh,11000.0
Nissan,Navara,2015,83000,Jeddah,45000.0
Toyota,Furniture,2013,350000,Riyadh,50000.0
Lexus,LX,2018,94800,Riyadh,370000.0
Daihatsu,Gran Max,2014,254000,Riyadh,25000.0
Toyota,Corolla,2020,16479,Riyadh,56000.0
Toyota,Avalon,2013,169000,Aseer,75000.0
Hyundai,Accent,2017,125848,Riyadh,30000.0
Hyundai,Accent,2017,132567,Riyadh,30000.0
Hyundai,Accent,2017,76938,Riyadh,30000.0
Hyundai,Accent,2017,114482,Riyadh,30000.0
Nissan,Sunny,2018,105499,Riyadh,25000.0
Toyota,Innova,2006,498000,Riyadh,18000.0
Hyundai,Accent,2019,105444,Riyadh,33000.0
Hyundai,Accent,2017,183000,Riyadh,27000.0
Toyota,Furniture,2019,18448,Riyadh,130000.0
Chevrolet,Aveo,2017,118000,Riyadh,20000.0
Toyota,Yaris,2018,62000,Riyadh,35000.0
Chevrolet,Spark,2019,96342,Riyadh,25000.0
Land Rover,Range Rover,2006,289000,Riyadh,20000.0
Honda,Civic,2019,41000,Jeddah,67000.0
Hyundai,Accent,2017,168347,Riyadh,30000.0
Nissan,Sunny,2019,86871,Riyadh,30500.0
Kia,Soul,2014,157603,Riyadh,31500.0
Hyundai,Accent,2017,87995,Riyadh,31500.0
Toyota,Furniture,2017,37800,Jeddah,106000.0
Chevrolet,Tahoe,2007,440000,Abha,35000.0
Renault,Fluence,2015,280000,Al-Baha,18000.0
Toyota,Rav4,2018,88000,Dammam,77000.0
Hyundai,Azera,2019,64000,Riyadh,94000.0
Hyundai,Senta fe,2016,149000,Dammam,47000.0
Toyota,Hilux,2016,175000,Jeddah,77000.0
Hyundai,Sonata,2018,117000,Riyadh,63000.0
Kia,Sportage,2017,190000,Riyadh,53000.0
Toyota,Rav4,2016,216000,Riyadh,60000.0
Honda,Accord,2014,223000,Riyadh,48000.0
Toyota,Furniture,2019,40000,Riyadh,93000.0
Lexus,ES,2016,78000,Riyadh,115000.0
Toyota,Hilux,2018,132000,Riyadh,77000.0
Mitsubishi,Montero,2017,199000,Riyadh,73000.0
Genesis,Prestige,2016,293000,Riyadh,77000.0
Hyundai,Tucson,2016,190000,Riyadh,54000.0
Toyota,Innova,2018,340000,Riyadh,67000.0
Genesis,G80,2018,160000,Riyadh,100000.0
Kia,Sportage,2017,125000,Riyadh,65000.0
Toyota,Land Cruiser Pickup,2014,175000,Riyadh,72000.0
Hyundai,Elantra,2017,285000,Riyadh,36000.0
Mazda,CX9,2016,230000,Riyadh,50000.0
Toyota,Yaris,2018,117313,Jeddah,32500.0
Nissan,Sentra,2016,115480,Riyadh,32500.0
Renault,Dokker,2019,119588,Riyadh,34000.0
Toyota,Camry,2009,317000,Jeddah,22000.0
Genesis,Prestige,2016,203000,Riyadh,78000.0
Lexus,LX,2014,220000,Riyadh,180000.0
Hyundai,Veloster,2019,63000,Riyadh,62000.0
Kia,Cadenza,2017,175000,Riyadh,50000.0
Mazda,6,2016,140000,Riyadh,40000.0
Hyundai,Sonata,2020,12000,Riyadh,78000.0
Hyundai,Senta fe,2016,62000,Riyadh,55000.0
Hyundai,Genesis,2017,106000,Riyadh,90000.0
Hyundai,Sonata,2018,135000,Riyadh,58000.0
Toyota,Yaris,2017,167000,Riyadh,29000.0
Lexus,ES,2017,85000,Riyadh,128000.0
Nissan,Maxima,2016,155000,Riyadh,65000.0
GMC,Yukon,2010,204000,Riyadh,44000.0
Hyundai,Tucson,2015,251000,Riyadh,49000.0
Nissan,X-Trail,2016,65000,Riyadh,52000.0
Toyota,Yaris,2017,125000,Riyadh,30000.0
Toyota,Camry,2019,49000,Riyadh,82000.0
Hyundai,Azera,2018,74000,Riyadh,77000.0
Lexus,ES,2017,82000,Riyadh,110000.0
Ford,Fusion,2014,260000,Riyadh,30000.0
Ford,Taurus,2015,446000,Riyadh,35000.0
Lexus,ES,2017,50000,Riyadh,127000.0
Nissan,Patrol,2010,208000,Riyadh,72000.0
GMC,Yukon,2007,303000,Riyadh,36000.0
Toyota,Camry,2010,145000,Jeddah,25000.0
BMW,X,2015,98000,Riyadh,150000.0
Hyundai,Accent,2018,124975,Riyadh,33000.0
Nissan,Sunny,2019,38920,Jeddah,33500.0
Nissan,Sunny,2019,56991,Jeddah,33500.0
Hyundai,Accent,2017,109746,Riyadh,34000.0
Chevrolet,Tahoe,2011,200000,Riyadh,42000.0
Honda,Accord,2012,15000,Riyadh,58000.0
Chevrolet,Spark,2017,101000,Riyadh,21000.0
Lexus,ES,2017,91000,Riyadh,112000.0
Toyota,Hilux,2016,258000,Riyadh,62000.0
Lexus,ES,2016,72000,Riyadh,108000.0
Ford,Fusion,2015,400000,Riyadh,26000.0
Hyundai,Elantra,2015,176000,Riyadh,35000.0
Hyundai,Elantra,2020,56000,Riyadh,50000.0
Hyundai,Accent,2017,112000,Riyadh,27000.0
Hyundai,Accent,2017,110000,Riyadh,27000.0
Kia,Rio,2016,157000,Riyadh,25000.0
Hyundai,Elantra,2016,119000,Riyadh,33000.0
Mercedes,C,2018,70000,Jeddah,177000.0
Hyundai,Accent,2010,273000,Riyadh,12000.0
Toyota,FJ,2020,17000,Riyadh,140000.0
Chevrolet,Tahoe,2007,228400,Jazan,39000.0
Toyota,FJ,2017,138000,Aseer,118000.0
Ford,Expedition,2018,55000,Jeddah,143000.0
Chevrolet,Tahoe,2019,33000,Riyadh,163000.0
Mercedes,GLC,2020,13000,Jeddah,289000.0
Toyota,Corolla,2015,80000,Riyadh,39000.0
Hyundai,Accent,2019,89685,Riyadh,34500.0
Hyundai,Accent,2018,102109,Riyadh,35000.0
Hyundai,Accent,2018,93315,Riyadh,35500.0
Renault,Symbol,2016,173000,Riyadh,16000.0
Lexus,LX,2013,240000,Riyadh,145000.0
Chevrolet,Caprice,2013,325000,Riyadh,53000.0
GMC,Yukon,2015,101060,Riyadh,125000.0
Toyota,FJ,2017,74658,Riyadh,135000.0
GMC,Sierra,2017,124418,Riyadh,120000.0
Chevrolet,Tahoe,2015,71000,Riyadh,125000.0
Chevrolet,Tahoe,2016,123496,Riyadh,130000.0
GMC,Yukon,2015,166616,Riyadh,135000.0
GMC,Yukon,2016,129356,Riyadh,140000.0
GMC,Sierra,2016,82576,Riyadh,120000.0
Ford,Taurus,2019,54494,Riyadh,85000.0
GMC,Yukon,2015,82343,Riyadh,125000.0
Chevrolet,Caprice,2014,180000,Riyadh,70000.0
Hyundai,H1,2016,179000,Riyadh,45000.0
Chevrolet,Tahoe,2014,160428,Riyadh,65000.0
Chevrolet,Caprice,2013,330000,Riyadh,43000.0
Chevrolet,Tahoe,2015,192036,Riyadh,110000.0
GMC,Yukon,2013,77000,Riyadh,80000.0
Mazda,6,2018,25712,Riyadh,78000.0
Hyundai,H1,2015,140000,Riyadh,55000.0
Chevrolet,Tahoe,2016,97955,Riyadh,145000.0
GMC,Yukon,2018,168000,Riyadh,150000.0
GMC,Yukon,2015,168576,Riyadh,150000.0
Honda,Accord,2016,92034,Riyadh,67000.0
Hyundai,Accent,2018,81967,Riyadh,35500.0
Hyundai,Elantra,2017,229507,Riyadh,35500.0
Nissan,Altima,2014,139337,Riyadh,36500.0
Hyundai,Elantra,2017,131889,Riyadh,36500.0
Chevrolet,Tahoe,2008,230000,Riyadh,38000.0
Nissan,Datsun,2015,174436,Riyadh,35000.0
Chevrolet,Caprice,2016,155000,Riyadh,77000.0
Chevrolet,Tahoe,2016,105286,Riyadh,136000.0
GMC,Yukon,2015,133490,Riyadh,143000.0
Chevrolet,Caprice,2014,163000,Riyadh,82000.0
Chevrolet,Caprice,2011,200000,Riyadh,46000.0
Chevrolet,Caprice,2015,268041,Riyadh,75000.0
GMC,Yukon,2015,101060,Riyadh,125000.0
Chevrolet,Caprice,2012,260000,Riyadh,52000.0
Ford,Taurus,2017,158039,Riyadh,75000.0
Ford,Taurus,2019,62556,Riyadh,85000.0
Ford,Taurus,2019,61817,Riyadh,85000.0
Chevrolet,Caprice,2013,209861,Riyadh,65000.0
GMC,Yukon,2016,55106,Riyadh,150000.0
Chevrolet,Tahoe,2016,107320,Riyadh,130000.0
Chevrolet,Caprice,2015,105000,Riyadh,80000.0
Toyota,Land Cruiser 70,2016,177000,Riyadh,90000.0
Chevrolet,Caprice,2015,244000,Riyadh,70000.0
Toyota,Land Cruiser,2014,175023,Riyadh,150000.0
Toyota,Land Cruiser Pickup,2015,203843,Riyadh,90000.0
Chevrolet,Caprice,2013,55769,Riyadh,90000.0
Toyota,Camry,2017,61000,Riyadh,77000.0
Toyota,Yaris,2018,131099,Jeddah,36500.0
Hyundai,Accent,2018,104681,Riyadh,36500.0
Hyundai,Accent,2019,73567,Riyadh,36500.0
Toyota,Innova,2018,14588,Riyadh,85000.0
Honda,Accord,2013,250920,Riyadh,55000.0
Chevrolet,Tahoe,2015,176332,Riyadh,120000.0
Nissan,Patrol,2019,42527,Riyadh,170000.0
GMC,Yukon,2017,61339,Riyadh,155000.0
Nissan,Navara,2014,178754,Riyadh,45000.0
Chevrolet,Caprice,2016,208647,Riyadh,74000.0
Chevrolet,Caprice,2013,55700,Riyadh,90000.0
Toyota,Hilux,2016,55000,Riyadh,70000.0
Kia,Cerato,2017,76000,Riyadh,38000.0
Hyundai,Sonata,2019,48000,Riyadh,68000.0
GMC,Yukon,2016,48000,Riyadh,150000.0
Chevrolet,Caprice,2013,130000,Riyadh,75000.0
Chevrolet,Caprice,2016,230000,Riyadh,75000.0
Toyota,Land Cruiser,2005,446000,Riyadh,50000.0
Lexus,RX,2019,56000,Jeddah,203000.0
Jeep,Wrangler,2010,188000,Riyadh,47000.0
Chevrolet,Tahoe,2020,30800,Makkah,166000.0
Chevrolet,Tahoe,2021,800,Dammam,310000.0
Toyota,Yaris,2018,134946,Jeddah,37500.0
Hyundai,Accent,2019,102650,Riyadh,37500.0
Hyundai,Accent,2019,30302,Riyadh,38000.0
Hyundai,Accent,2018,13081,Riyadh,38000.0
Ford,Focus,2013,145000,Riyadh,14000.0
Mercedes,C,2019,22000,Dammam,180000.0
BMW,X,2017,71000,Dammam,170000.0
Kia,Seltos,2020,4800,Riyadh,73000.0
Mercedes,C,2019,40000,Dammam,210000.0
GMC,Acadia,2014,250000,Khobar,50000.0
Mercedes,C,2017,96000,Dammam,170000.0
Ford,Flex,2015,93000,Riyadh,45000.0
Toyota,Innova,2016,190000,Riyadh,65000.0
Lexus,ES,2016,89000,Jeddah,95000.0
Ford,Victoria,2010,280000,Riyadh,26000.0
Toyota,Camry,2020,16500,Dammam,86900.0
Ford,Victoria,2010,280000,Riyadh,26000.0
Hyundai,Sonata,2016,76000,Jeddah,53000.0
Genesis,Prestige,2016,131000,Riyadh,74000.0
Toyota,Corolla,2018,87000,Riyadh,49000.0
Hyundai,Accent,2019,74917,Riyadh,38500.0
Nissan,Sentra,2017,105272,Riyadh,38500.0
Hyundai,Accent,2019,84273,Riyadh,38500.0
Hyundai,Accent,2019,33131,Riyadh,39500.0
Hyundai,Senta fe,2020,82000,Riyadh,88000.0
Genesis,G80,2016,168000,Riyadh,80000.0
Toyota,Land Cruiser 70,2012,94000,Riyadh,95000.0
Kia,Cadenza,2020,23000,Riyadh,95000.0
Hyundai,Senta fe,2018,31000,Riyadh,75000.0
Lexus,ES,2016,188000,Riyadh,110000.0
Kia,Cadenza,2018,128000,Riyadh,52000.0
Kia,Cadenza,2019,94000,Riyadh,88000.0
Lexus,LX,2009,293000,Riyadh,122000.0
Hyundai,Azera,2019,74000,Riyadh,80000.0
Toyota,Prado,2014,314000,Riyadh,95000.0
Toyota,Prado,2017,175000,Riyadh,108000.0
Chevrolet,Suburban,2013,358000,Riyadh,55000.0
Toyota,Land Cruiser,2010,344000,Riyadh,88000.0
Honda,Odyssey,2016,339000,Riyadh,40000.0
GMC,Sierra,2015,255000,Riyadh,75000.0
Kia,Cadenza,2018,172000,Riyadh,68000.0
Hyundai,Senta fe,2013,205000,Riyadh,48000.0
Nissan,Patrol,2013,442000,Riyadh,85000.0
Honda,Accord,2018,129000,Riyadh,68000.0
GMC,Yukon,2013,194000,Riyadh,80000.0
Toyota,Land Cruiser,2014,187000,Riyadh,125000.0
Ford,Expedition,2013,336000,Riyadh,50000.0
GMC,Yukon,2016,112000,Riyadh,110000.0
Kia,Cerato,2019,47000,Riyadh,46000.0
Hyundai,Accent,2019,48521,Riyadh,39500.0
Nissan,Sentra,2018,144039,Riyadh,39500.0
Hyundai,Accent,2019,102113,Riyadh,39500.0
Hyundai,Accent,2019,82903,Riyadh,39500.0
Honda,Accord,2018,105000,Riyadh,85000.0
Chevrolet,Tahoe,2013,342000,Riyadh,53000.0
GMC,Yukon,2010,352000,Riyadh,42000.0
Kia,Cadenza,2020,38000,Riyadh,68000.0
GMC,Yukon,2011,401000,Riyadh,52000.0
Genesis,Platinum,2016,179000,Riyadh,82000.0
Nissan,Patrol,2010,346000,Riyadh,70000.0
Hyundai,Sonata,2018,108000,Riyadh,55000.0
Lexus,LS,2008,130000,Riyadh,75000.0
Toyota,Camry,2017,78000,Riyadh,60000.0
Ford,Taurus,2016,152000,Riyadh,60000.0
Toyota,Land Cruiser Pickup,2009,468000,Riyadh,65000.0
Lexus,LX,2012,346000,Riyadh,125000.0
Hyundai,Sonata,2020,22000,Riyadh,85000.0
Kia,Cadenza,2020,96000,Riyadh,70000.0
Toyota,Corolla,2010,318800,Jeddah,18000.0
Honda,Accord,2019,49000,Riyadh,95000.0
Chevrolet,Tahoe,2015,253000,Riyadh,99000.0
Chevrolet,Tahoe,2013,363000,Riyadh,63000.0
Chevrolet,Tahoe,2016,194000,Riyadh,116000.0
Mazda,CX5,2018,151000,Riyadh,85000.0
Kia,Carnival,2015,132000,Riyadh,37000.0
Toyota,Camry,2020,22000,Riyadh,77000.0
Geely,Emgrand,2020,15000,Riyadh,60000.0
Hyundai,Azera,2018,127000,Riyadh,82000.0
Hyundai,Accent,2019,39750,Riyadh,40000.0
Hyundai,Accent,2019,33613,Riyadh,40000.0
Hyundai,Accent,2019,48511,Riyadh,40000.0
Toyota,FJ,2016,184000,Riyadh,100000.0
Toyota,Ciocca,2016,348000,Riyadh,79000.0
Hyundai,Sonata,2017,166000,Riyadh,43000.0
Hyundai,Sonata,2017,127000,Riyadh,43000.0
Kia,Carenz,2008,350000,Jeddah,12000.0
Toyota,Camry,2007,192000,Riyadh,20000.0
Mercedes,SEL,1995,252611,Aseer,10000.0
Toyota,Hilux,2021,4000,Riyadh,158500.0
GMC,Yukon,2011,342000,Riyadh,55000.0
Chevrolet,Tahoe,2008,330000,Riyadh,27000.0
Hyundai,Sonata,2018,79000,Tabouk,36000.0
Lexus,ES,2015,232000,Yanbu,90000.0
Kia,Rio,2016,138000,Jeddah,30000.0
BMW,The 6,2014,206000,Khobar,98000.0
Ford,Marquis,2011,300000,Riyadh,22000.0
Toyota,FJ,2016,272000,Hail,85000.0
Mercedes,SL,2017,29000,Dammam,280000.0
Mercedes,E,2016,93000,Makkah,117000.0
Chevrolet,Impala,2015,200007,Jeddah,45000.0
Land Rover,Range Rover,2019,38000,Dammam,375000.0
Hyundai,Accent,2019,93239,Riyadh,40500.0
Hyundai,Accent,2019,33487,Riyadh,40500.0
Kia,Rio,2019,66148,Jeddah,40500.0
Hyundai,Accent,2019,49498,Riyadh,40500.0
Toyota,Hilux,2013,186000,Al-Namas,70000.0
Chevrolet,Malibu,2010,26000,Riyadh,17000.0
Ford,Marquis,2011,114000,Riyadh,48000.0
Mazda,6,2019,92000,Qassim,70000.0
Toyota,Corolla,2014,276000,Riyadh,23900.0
Nissan,Pathfinder,2006,300000,Riyadh,13000.0
HAVAL,H2,2020,15000,Qassim,49000.0
Ford,Focus,2014,98000,Khobar,23000.0
Nissan,Patrol,2016,145000,Qassim,128000.0
Toyota,Ciocca,2013,235000,Al-Ahsa,85000.0
Nissan,Sunny,2000,120000,Qassim,7000.0
Ford,Taurus,2019,34000,Qassim,85000.0
GMC,Sierra,2020,91000,Qassim,135000.0
GMC,Yukon,2005,600000,Riyadh,15500.0
Hyundai,Accent,2018,55893,Riyadh,40500.0
Hyundai,Elantra,2018,120377,Riyadh,42000.0
Hyundai,Accent,2020,19717,Riyadh,41500.0
Renault,Talisman,2017,80151,Riyadh,41500.0
Toyota,Hilux,2017,83000,Jubail,76000.0
Kia,Sportage,2014,140000,Dammam,45000.0
Mitsubishi,Pajero,2016,205000,Riyadh,60000.0
Hyundai,Elantra,2017,51000,Jeddah,42000.0
Ford,Victoria,2002,368000,Aseer,10000.0
Toyota,Hilux,2014,160000,Jazan,50000.0
Toyota,Innova,2014,123000,Dammam,33000.0
Chevrolet,Suburban,2017,153000,Riyadh,162000.0
Hyundai,H1,2012,240000,Al-Jouf,25000.0
Ford,Mustang,2016,79000,Riyadh,98000.0
Toyota,FJ,2020,22300,Riyadh,132000.0
Hyundai,Sonata,2016,10600,Makkah,33000.0
Mitsubishi,Pajero,2012,94484,Riyadh,41500.0
Mitsubishi,Pajero,2012,86487,Riyadh,41500.0
Mitsubishi,Pajero,2012,86213,Riyadh,41500.0
Mitsubishi,Pajero,2012,88799,Riyadh,41500.0
Mitsubishi,Pajero,2016,146000,Jeddah,63000.0
Peugeot,5008,2012,12000,Riyadh,27000.0
BMW,The 7,2004,70000,Riyadh,49000.0
Mitsubishi,Pajero,2012,85175,Riyadh,41500.0
Mitsubishi,Pajero,2012,91782,Riyadh,41500.0
Mitsubishi,Pajero,2012,104330,Riyadh,41500.0
Mitsubishi,Pajero,2012,65173,Riyadh,41500.0
Jeep,Grand Cherokee,2013,118000,Riyadh,90000.0
Bentley,Bentayga,2018,26000,Riyadh,750000.0
Toyota,Land Cruiser Pickup,2015,232000,Qassim,65000.0
GMC,Sierra,2021,2000,Khobar,190000.0
GMC,Sierra,2021,2800,Khobar,180000.0
Mercedes,GLC,2020,15391,Riyadh,265000.0
BMW,X,2020,15900,Riyadh,270000.0
BMW,X,2020,11578,Riyadh,262000.0
Chevrolet,Suburban,2000,2964,Tabouk,18000.0
BMW,X,2020,55000,Riyadh,266000.0
BMW,X,2020,20000,Riyadh,257000.0
Mercedes,A,2020,3710,Riyadh,173000.0
Mitsubishi,Pajero,2016,91000,Jeddah,67000.0
Mercedes,A,2020,10100,Riyadh,182000.0
FAW,T77,2021,4000,Jeddah,73000.0
Mercedes,A,2021,10000,Riyadh,179000.0
Mitsubishi,Pajero,2012,78276,Riyadh,41500.0
Mitsubishi,Pajero,2012,77556,Riyadh,41500.0
Kia,Sportage,2015,103885,Riyadh,41500.0
Hyundai,Accent,2020,35547,Riyadh,41500.0
Mitsubishi,Pajero,2017,65400,Riyadh,58000.0
Toyota,Camry,2013,214000,Dammam,42000.0
Hyundai,Sonata,2019,5400,Riyadh,78000.0
Mercedes,C,2017,98000,Jeddah,148000.0
Kia,Cerato,2019,30766,Jeddah,42000.0
Kia,Optima,2015,173000,Riyadh,36500.0
Chevrolet,Malibu,2019,127000,Riyadh,57000.0
Renault,Safrane,2012,144000,Jeddah,20000.0
Toyota,Camry,2017,120000,Tabouk,55000.0
Nissan,Patrol,2021,4900,Riyadh,258000.0
INFINITI,QX,2014,32000,Jeddah,65000.0
Toyota,Land Cruiser,2013,300000,Dammam,115000.0
Honda,Pilot,2012,225000,Jeddah,40000.0
Hyundai,Accent,2020,22550,Riyadh,41500.0
Nissan,Navara,2016,132714,Riyadh,41500.0
Chery,Tiggo,2021,4175,Riyadh,42500.0
Mercedes,S,2016,67000,Riyadh,235000.0
Kia,Sportage,2016,163000,Riyadh,43000.0
Ford,Explorer,2010,35000,Riyadh,160000.0
Mercedes,C,2017,118000,Al-Medina,119000.0
Hyundai,Accent,2017,117000,Jeddah,23000.0
Kia,Optima,2017,263400,Riyadh,40000.0
Toyota,Prado,2019,89000,Dammam,151000.0
BMW,X,2007,260000,Riyadh,28000.0
Chevrolet,Tahoe,2016,147000,Abha,120000.0
Jeep,Cherokee,2016,90000,Jeddah,41000.0
Mazda,CX9,2015,221000,Jeddah,48000.0
Dodge,Durango,2014,170000,Jeddah,44000.0
Toyota,Innova,2015,216000,Qassim,39000.0
Toyota,Camry,2016,222000,Makkah,55000.0
Nissan,Pathfinder,2014,187390,Riyadh,43500.0
Toyota,Corolla,2018,103966,Riyadh,43500.0
Hyundai,Accent,2020,25234,Riyadh,44000.0
Changan,Eado,2020,94182,Riyadh,44000.0
Chevrolet,Impala,2015,145462,Riyadh,55000.0
Lincoln,MKS,2018,14000,Jeddah,115000.0
Jeep,Wrangler,2018,43000,Jeddah,135000.0
Jeep,Wrangler,2018,32000,Jeddah,129000.0
Mercedes,E,2015,23000,Jeddah,129000.0
Lexus,LS,2019,600000,Jeddah,329000.0
Cadillac,CT5,2021,100,Jeddah,179000.0
BMW,X,2011,160000,Riyadh,45000.0
Ford,Taurus,2011,268000,Riyadh,28000.0
Ford,Expedition,2014,263000,Riyadh,48000.0
Kia,Optima,2015,173544,Riyadh,37000.0
Kia,Rio,2016,188000,Dammam,21000.0
Hyundai,Accent,2018,76000,Riyadh,37500.0
Nissan,Datsun,2016,2389,Riyadh,62000.0
Hyundai,Kona,2020,21000,Riyadh,67000.0
Mazda,CX5,2020,26000,Jeddah,112000.0
Ford,Taurus,2014,155000,Qassim,57000.0
Mercedes,S,2021,476,Riyadh,696000.0
Toyota,Corolla,2017,92412,Riyadh,44500.0
Toyota,Corolla,2016,142478,Riyadh,44500.0
Kia,Cerato,2019,85758,Jeddah,45000.0
Kia,Cerato,2019,30799,Jeddah,45000.0
Porsche,Panamera,2011,141000,Dammam,85000.0
Kia,Optima,2015,82900,Dammam,46000.0
Changan,CS35,2021,2400,Dammam,51000.0
Geely,Coolray,2020,280,Dammam,62000.0
Ford,Expedition,2012,215000,Riyadh,25500.0
Chevrolet,Suburban,2011,289000,Makkah,36000.0
Chevrolet,Impala,2019,91000,Qassim,74000.0
Nissan,X-Trail,2018,86500,Qassim,74000.0
MINI,Countryman,2019,22000,Jeddah,125000.0
Jeep,Grand Cherokee,2014,233000,Abha,50000.0
Isuzu,D-MAX,2016,275000,Riyadh,55500.0
Mercedes,S,1995,200000,Al-Namas,15000.0
Dodge,Charger,2013,205000,Riyadh,29000.0
Land Rover,Range Rover,2016,70000,Riyadh,288000.0
Chevrolet,Tahoe,2010,250000,Jeddah,55000.0
Kia,Optima,2015,68245,Riyadh,45000.0
Nissan,X-Trail,2017,331612,Riyadh,46000.0
Kia,Cerato,2019,43632,Jeddah,45500.0
Toyota,Corolla,2016,76294,Riyadh,45500.0
Hyundai,Senta fe,2016,73115,Jeddah,85000.0
Mercedes,G,2021,5000,Riyadh,1150000.0
Toyota,Innova,2017,247000,Jeddah,55000.0
Toyota,Camry,2014,220000,Riyadh,46000.0
Mazda,CX9,2015,115000,Jeddah,82000.0
Mercedes,A,2020,10770,Jeddah,165000.0
Chevrolet,Tahoe,2013,250000,Riyadh,70000.0
Ford,Flex,2015,81000,Riyadh,66000.0
Hyundai,Azera,2018,50000,Riyadh,85000.0
Nissan,Altima,2017,122000,Riyadh,44000.0
Renault,Fluence,2016,105000,Riyadh,23000.0
Mazda,6,2017,106000,Jeddah,56000.0
Toyota,Land Cruiser,2014,156000,Qassim,143000.0
Nissan,Patrol,2016,5448,Riyadh,90000.0
Nissan,Patrol,2016,4700,Riyadh,88000.0
Mitsubishi,Pajero,2018,74715,Riyadh,76000.0
Toyota,Hilux,2016,202332,Riyadh,57000.0
Toyota,Yaris,2019,33504,Riyadh,38000.0
Hyundai,Accent,2018,110761,Riyadh,32000.0
Kia,Sportage,2018,46000,Hafar Al-Batin,58600.0
Kia,Sportage,2018,46000,Hafar Al-Batin,58600.0
Hyundai,Elantra,2019,76095,Riyadh,45500.0
Hyundai,Elantra,2019,56536,Riyadh,47000.0
Mitsubishi,Pajero,2014,271943,Riyadh,46500.0
GMC,Yukon,2012,410000,Hafar Al-Batin,56600.0
Peugeot,Partner,2015,100000,Dammam,25000.0
Toyota,Furniture,2018,68000,Riyadh,125000.0
Hyundai,Genesis,2016,237000,Riyadh,77000.0
BMW,X,2020,1000,Qassim,410000.0
Toyota,Camry,2018,85000,Riyadh,75000.0
Hyundai,Azera,2018,44000,Riyadh,96000.0
Mercedes,S,2006,220000,Aseer,49000.0
Nissan,Patrol,2020,29000,Jeddah,238000.0
Lexus,ES,2021,500,Jeddah,235000.0
Lexus,LX,2020,35000,Jeddah,395000.0
Honda,Odyssey,2020,1300,Jeddah,165000.0
Toyota,Furniture,2019,47000,Jeddah,120000.0
Toyota,Furniture,2019,20000,Jeddah,102000.0
Mazda,6,2021,115,Jeddah,93000.0
Renault,Capture,2017,56000,Jeddah,42000.0
Ford,Vego,2019,51419,Jeddah,27500.0
Ford,Vego,2019,47856,Jeddah,27500.0
Ford,Vego,2019,26315,Jeddah,27499.0
Peugeot,301,2015,278000,Jeddah,15000.0
Hyundai,Elantra,2019,61374,Riyadh,46500.0
Hyundai,H1,2017,209677,Riyadh,47500.0
Hyundai,Sonata,2015,235575,Riyadh,47500.0
Toyota,Corolla,2016,138661,Riyadh,47500.0
Mercedes,S,2018,53700,Qassim,320000.0
Mercedes,C,2015,127000,Riyadh,102000.0
Ford,Taurus,2017,27000,Riyadh,83000.0
GMC,Yukon,2016,104000,Riyadh,124000.0
Chrysler,300,2016,85000,Riyadh,78000.0
Honda,Accord,2016,90000,Riyadh,65000.0
Ford,Expedition,2016,63000,Riyadh,95000.0
Mercedes,CLA,2015,123000,Riyadh,78000.0
Toyota,Avalon,2016,93000,Riyadh,75000.0
Mercedes,E,2016,117000,Riyadh,110000.0
Chrysler,300,2016,18000,Riyadh,86000.0
Audi,A6,2021,1800,Dammam,245000.0
Chevrolet,Suburban,2016,96000,Riyadh,126000.0
Toyota,Camry,2016,75000,Riyadh,68000.0
Hyundai,Sonata,2015,80000,Riyadh,45000.0
Chevrolet,Impala,2018,113000,Riyadh,78000.0
Chevrolet,Tahoe,2016,93000,Riyadh,130000.0
Lexus,ES,2018,65000,Riyadh,122000.0
Nissan,Altima,2018,32000,Riyadh,66000.0
Honda,Odyssey,2016,87000,Riyadh,65000.0
Hyundai,Elantra,2019,78781,Riyadh,47500.0
Hyundai,Elantra,2019,106787,Riyadh,48500.0
Hyundai,Elantra,2019,116842,Riyadh,48500.0
Hyundai,Elantra,2019,107133,Riyadh,48500.0
Chevrolet,Impala,2016,152000,Riyadh,70000.0
Honda,Pilot,2015,98000,Riyadh,75000.0
Chevrolet,Impala,2016,117000,Riyadh,72000.0
Toyota,Previa,2017,101000,Riyadh,65000.0
Ford,Explorer,2016,83000,Riyadh,85000.0
Chevrolet,Tahoe,2020,37000,Riyadh,165000.0
Hyundai,H1,2018,49000,Aseer,70000.0
Chevrolet,Tahoe,2016,109000,Riyadh,130000.0
GMC,Suburban,2016,98000,Riyadh,140000.0
Toyota,Hilux,2016,162500,Hail,84000.0
Ford,Flex,2012,282000,Khobar,25000.0
Nissan,X-Terra,2014,133000,Jeddah,80000.0
Toyota,Cressida,1996,600000,Yanbu,10000.0
Hyundai,Elantra,2019,91959,Riyadh,48500.0
Hyundai,Elantra,2019,103358,Riyadh,48500.0
Kia,Optima,2018,101381,Riyadh,48500.0
Hyundai,Sonata,2017,165163,Riyadh,49000.0
Hyundai,Sonata,2016,235000,Riyadh,46000.0
Renault,Duster,2016,55000,Riyadh,26000.0
Ford,Expedition,2017,123000,Riyadh,85000.0
Mercedes,C,2019,35000,Dammam,145000.0
Hyundai,Tucson,2017,17005,Jeddah,70000.0
Chevrolet,Impala,2016,88000,Qassim,61000.0
Mercedes,S,2019,30000,Makkah,320000.0
Kia,Sportage,2021,4000,Dammam,75000.0
Lexus,RX,2017,94051,Riyadh,173000.0
Lexus,ES,2017,34593,Riyadh,148000.0
Toyota,Corolla,2018,55398,Riyadh,49000.0
Nissan,Altima,2016,112915,Riyadh,49000.0
Hyundai,Elantra,2019,35093,Riyadh,50000.0
Hyundai,Elantra,2017,132310,Riyadh,49500.0
Ford,Explorer,2016,83000,Riyadh,86000.0
Mercedes,C,2018,82215,Riyadh,138000.0
Ford,Mustang,2019,52538,Riyadh,138000.0
Chevrolet,Tahoe,2016,128000,Riyadh,164000.0
Hyundai,Elantra,2011,300000,Najran,13000.0
Nissan,Patrol,2015,125000,Riyadh,130000.0
Ford,Taurus,2011,281000,Khobar,29500.0
Chevrolet,Suburban,2011,270000,Makkah,37000.0
Ford,Mustang,2016,84000,Dammam,99000.0
Hyundai,Sonata,2016,220000,Riyadh,43000.0
Mercedes,E,2019,28000,Dammam,230000.0
Hyundai,Accent,2018,128000,Dammam,28000.0
Nissan,Sentra,2016,81000,Riyadh,38000.0
Nissan,Altima,2017,135988,Riyadh,49500.0
Ford,Expedition,2012,266007,Riyadh,49500.0
Changan,Eado,2020,24938,Riyadh,49500.0
Toyota,Camry,2015,237171,Riyadh,50000.0
Nissan,Sunny,2016,211000,Riyadh,20000.0
Toyota,Hilux,2020,29000,Dammam,142000.0
Toyota,Land Cruiser,2017,200000,Dammam,180000.0
Toyota,Avalon,2016,110000,Qassim,73000.0
Audi,A6,2021,5000,Makkah,230000.0
Lexus,LX,2013,252000,Aseer,145000.0
Toyota,Camry,2016,86000,Riyadh,60000.0
Kia,Seltos,2021,1700,Al-Medina,70000.0
BMW,The 7,2011,115000,Jeddah,65000.0
Toyota,Hilux,2019,73577,Riyadh,135000.0
Toyota,Rav4,2020,30000,Najran,93000.0
Toyota,Corolla,2018,90084,Riyadh,50000.0
Nissan,Datsun,2016,109766,Riyadh,50500.0
Hyundai,Elantra,2019,101364,Riyadh,50500.0
Ford,Expedition,2012,177078,Riyadh,51000.0
Mazda,CX9,2014,388000,Riyadh,37000.0
Dodge,Challenger,2018,90000,Dammam,113000.0
Ford,Taurus,2016,105000,Riyadh,83000.0
Kia,Optima,2015,359000,Riyadh,32000.0
Porsche,Panamera,2011,49000,Dammam,125000.0
Chevrolet,Impala,2018,112000,Dammam,67000.0
Renault,Duster,2017,83000,Riyadh,26000.0
Genesis,Prestige,2016,165000,Riyadh,84000.0
Hyundai,Elantra,2017,150000,Riyadh,40000.0
Toyota,Land Cruiser,2011,211000,Dammam,115000.0
Hyundai,Elantra,2016,172600,Dammam,35000.0
Toyota,Camry,2016,148254,Qassim,59000.0
Chevrolet,Tahoe,2021,700,Dammam,229000.0
Toyota,Land Cruiser,2003,225000,Tabouk,35000.0
Chevrolet,Tahoe,2013,211257,Jeddah,60000.0
Kia,Optima,2006,290000,Taef,6000.0
Lexus,ES,2009,300000,Al-Baha,43000.0
Toyota,Camry,2017,380000,Dammam,43000.0
Lexus,ES,2018,66000,Riyadh,139000.0
Mitsubishi,Pajero,2015,135063,Jeddah,52000.0
Kia,Optima,2016,233124,Riyadh,51500.0
Changan,Eado,2020,36748,Riyadh,51500.0
Changan,CS75,2019,83425,Riyadh,51500.0
Bentley,Flying Spur,2015,47000,Dammam,310000.0
Chevrolet,Impala,2019,144000,Dammam,77000.0
Mitsubishi,Outlander,2017,102000,Al-Medina,42000.0
Toyota,Furniture,2013,248500,Riyadh,58000.0
Toyota,Rav4,2012,234000,Dammam,30000.0
GMC,Sierra,2020,17000,Qassim,135000.0
Honda,Accord,2016,81000,Al-Ahsa,63000.0
Dodge,Charger,2013,198000,Al-Medina,39000.0
Toyota,Land Cruiser,1997,540000,Al-Medina,38000.0
Hyundai,Sonata,2012,487000,Tabouk,19000.0
Toyota,Camry,2017,175000,Aseer,45000.0
Hyundai,Elantra,2019,76014,Jeddah,48000.0
Nissan,Sunny,2019,147008,Jeddah,28000.0
Hyundai,Tucson,2017,105237,Jeddah,58000.0
Toyota,Land Cruiser,2018,125000,Jeddah,245000.0
Mercedes,GT,2020,35211,Riyadh,463000.0
Lexus,ES,2016,50000,Dammam,126000.0
Toyota,Corolla,2018,88288,Riyadh,51500.0
Hyundai,Elantra,2019,70568,Riyadh,51500.0
Mazda,CX9,2014,289903,Riyadh,51500.0
Kia,Sorento,2015,116731,Riyadh,52000.0
Toyota,Yaris,2019,59000,Dammam,41000.0
Ford,Explorer,2016,106115,Riyadh,122000.0
Nissan,Sunny,2014,139740,Riyadh,20000.0
Aston Martin,Vanquish,2013,32000,Dammam,400000.0
Toyota,Hilux,2017,100000,Riyadh,90000.0
Mazda,CX9,2020,25182,Riyadh,120000.0
Mitsubishi,Other,2006,140000,Al-Medina,45000.0
Hyundai,Elantra,2016,4000,Riyadh,48000.0
Toyota,Land Cruiser,2013,275000,Riyadh,125000.0
Toyota,Camry,2020,25000,Jeddah,95000.0
Ford,F150,2013,222000,Dammam,38000.0
Ford,F150,2018,59790,Qassim,135000.0
Toyota,Camry,2017,253641,Qassim,62000.0
Chrysler,C300,2015,109000,Al-Ahsa,70000.0
Hyundai,Sonata,2019,100000,Riyadh,50000.0
Chevrolet,Tahoe,2019,10000,Riyadh,140000.0
Toyota,Land Cruiser,2019,6000,Dammam,267000.0
Mitsubishi,Attrage,2020,15000,Riyadh,25000.0
Toyota,Rav4,2018,63000,Makkah,90000.0
Hyundai,Sonata,2016,159000,Riyadh,38000.0
Volkswagen,Touareg,2012,243000,Riyadh,50000.0
Kia,Optima,2015,104000,Riyadh,25000.0
Hyundai,Elantra,2019,75392,Riyadh,52500.0
Hyundai,Elantra,2019,18197,Riyadh,53000.0
Hyundai,Elantra,2019,22999,Riyadh,53000.0
Mazda,6,2015,82914,Riyadh,53000.0
Toyota,Camry,2017,190000,Riyadh,54000.0
BMW,The 5,2014,150000,Khobar,57000.0
Chevrolet,Impala,2016,118000,Riyadh,48000.0
Hyundai,Accent,2018,137175,Riyadh,32000.0
Mazda,CX9,2020,22000,Qassim,143000.0
Hyundai,Accent,2017,168000,Jeddah,29000.0
BMW,The 7,2016,134000,Dammam,150000.0
Nissan,Bus Urvan,2016,89000,Dammam,57000.0
Mercedes,GT,2020,44880,Riyadh,456000.0
Mercedes,E,2017,65000,Dammam,163000.0
Hyundai,Elantra,2014,288051,Riyadh,28000.0
Mercedes,C,2019,14000,Dammam,195000.0
Nissan,Sunny,2019,98000,Al-Medina,27500.0
Hyundai,Accent,2018,69000,Riyadh,35000.0
Toyota,Hilux,2014,221000,Riyadh,70000.0
GMC,Safari,2005,84000,Dammam,22000.0
Mitsubishi,Pajero,2018,60000,Jeddah,85000.0
Land Rover,Range Rover,2016,100000,Dammam,135000.0
Ford,F150,2020,2061,Qassim,155000.0
Isuzu,D-MAX,2014,125000,Jubail,45000.0
Land Rover,Range Rover,2016,87000,Al-Ahsa,167000.0
Cadillac,CT5,2021,100,Jeddah,179000.0
Hyundai,Elantra,2016,117000,Riyadh,39000.0
Hyundai,Sonata,2017,61184,Riyadh,54000.0
Toyota,Camry,2016,183541,Riyadh,53000.0
Chevrolet,Impala,2017,122102,Riyadh,53500.0
Toyota,Camry,2016,136111,Riyadh,53500.0
Toyota,Innova,2018,99000,Jeddah,64000.0
Kia,Cerato,2018,161000,Riyadh,33000.0
Toyota,Camry,2008,388000,Al-Baha,17000.0
Hyundai,Elantra,2015,227000,Taef,28000.0
Aston Martin,Vantage,2008,18000,Riyadh,190000.0
Honda,HRV,2021,6000,Riyadh,60000.0
Toyota,Hilux,2016,155000,Riyadh,61000.0
Toyota,Hilux,2018,175000,Riyadh,63000.0
Toyota,Hilux,2018,111000,Riyadh,63000.0
Hyundai,Accent,2019,70900,Dammam,40000.0
Toyota,Land Cruiser,1994,600000,Dammam,25000.0
Hyundai,Accent,2018,90400,Dammam,32000.0
Hyundai,Senta fe,2018,84000,Dammam,75000.0
Hyundai,Accent,2019,56400,Dammam,38000.0
Toyota,Land Cruiser,2017,78000,Dammam,182000.0
Toyota,Hilux,2016,70000,Dammam,77000.0
Toyota,Hilux,2016,210800,Dammam,62000.0
Toyota,Hilux,2017,150000,Dammam,70000.0
Renault,Duster,2017,124000,Dammam,27000.0
Ford,Fusion,2016,107590,Riyadh,54500.0
Toyota,Camry,2017,190144,Riyadh,54000.0
Hyundai,Sonata,2018,161796,Riyadh,54500.0
Hyundai,Creta,2020,65357,Riyadh,55000.0
GMC,Sierra,2015,259000,Dammam,75000.0
Toyota,Corolla,2013,290000,Dammam,30000.0
Mercedes,CLA,2020,14000,Riyadh,217000.0
Ford,Mustang,2016,103000,Dammam,94000.0
Mazda,3,2016,104800,Riyadh,39000.0
Audi,Q5,2018,60000,Dammam,155000.0
Renault,Fluence,2016,67000,Riyadh,22000.0
Lexus,LX,2013,98000,Dammam,200000.0
Changan,CS75,2020,8000,Jeddah,62000.0
Toyota,Land Cruiser,2019,101000,Dammam,220000.0
Honda,Accord,2018,40804,Qassim,95000.0
Chevrolet,Silverado,2018,112000,Jubail,77000.0
BMW,The 7,2021,2000,Makkah,450000.0
Ford,Explorer,2017,187000,Al-Ahsa,73500.0
Cadillac,CT4,2020,100,Jeddah,159000.0
Renault,Fluence,2014,135000,Riyadh,18000.0
Jeep,Grand Cherokee,2014,76300,Riyadh,85000.0
Ford,Taurus,2015,96000,Dammam,81000.0
Ford,Taurus,2015,92000,Dammam,72000.0
Ford,Taurus,2017,123000,Dammam,69000.0
Mazda,6,2017,48004,Riyadh,55000.0
Kia,Sorento,2015,94283,Riyadh,55500.0
Hyundai,Elantra,2019,67610,Riyadh,55500.0
Hyundai,Elantra,2019,64788,Riyadh,55500.0
Ford,Flex,2014,180000,Dammam,47000.0
Ford,Taurus,2015,122000,Dammam,69000.0
Ford,Taurus,2016,129000,Dammam,74000.0
Honda,Odyssey,2016,71000,Dammam,63000.0
Ford,Taurus,2016,72000,Dammam,75000.0
Ford,Taurus,2016,123000,Dammam,77000.0
GMC,Yukon,2016,213000,Dammam,146000.0
Ford,Mustang,2016,240000,Dammam,89000.0
Chevrolet,Traverse,2016,154000,Dammam,79000.0
Mazda,CX9,2017,93000,Dammam,111000.0
Kia,Cerato,2016,114000,Dammam,34000.0
GMC,Yukon,2014,242000,Dammam,73000.0
GMC,Sierra,2017,174000,Dammam,99000.0
Fiat,Fiorino,2016,45000,Dammam,27000.0
Lincoln,MKX,2016,99000,Dammam,99000.0
Lexus,ES,2017,69000,Dammam,142000.0
Dodge,Challenger,2016,160000,Dammam,89000.0
Mercedes,E,2017,66000,Dammam,162000.0
Dodge,Charger,2016,100000,Dammam,99000.0
Mercedes,C,2017,50000,Dammam,175000.0
Lexus,ES,2019,68000,Dammam,179000.0
Chevrolet,Malibu,2017,176000,Dammam,49000.0
Nissan,Sunny,2016,130000,Dammam,25000.0
GMC,Yukon,2016,213000,Dammam,146000.0
Hyundai,Creta,2019,24516,Riyadh,56500.0
Ford,Taurus,2013,87108,Riyadh,56500.0
Toyota,Corolla,2020,67839,Jeddah,56500.0
Toyota,Camry,2015,130020,Riyadh,56500.0
Ford,Taurus,2016,114000,Dammam,75000.0
Ford,Mustang,2016,103000,Dammam,94000.0
Ford,Taurus,2018,75000,Dammam,96000.0
Mercedes,GLC,2017,92000,Dammam,173000.0
Hyundai,Senta fe,2015,158000,Dammam,54000.0
Ford,Taurus,2018,59000,Dammam,91000.0
Hyundai,Accent,2017,181000,Dammam,29000.0
Chevrolet,Suburban,2016,192000,Dammam,143000.0
Chevrolet,Suburban,2017,133000,Dammam,159000.0
Ford,Taurus,2019,108000,Dammam,97000.0
Chevrolet,Impala,2015,106000,Dammam,79000.0
Honda,Accord,2017,104000,Dammam,79000.0
Mazda,3,2017,92000,Dammam,59000.0
Ford,Mustang,2016,92000,Dammam,129000.0
Toyota,Camry,2017,125000,Dammam,66000.0
Toyota,Prado,2018,79000,Dammam,139000.0
Kia,Carnival,2016,85000,Dammam,62000.0
Ford,Mustang,2016,84000,Dammam,97000.0
Toyota,Land Cruiser,2013,101000,Aseer,150000.0
Kia,Cerato,2014,155000,Riyadh,21000.0
Lincoln,Navigator,2015,80000,Dammam,110000.0
Lincoln,Navigator,2016,79000,Dammam,115000.0
Toyota,Corolla,2019,52443,Riyadh,56500.0
Hyundai,Azera,2018,98530,Riyadh,56500.0
Hyundai,Senta fe,2014,201421,Riyadh,57500.0
Toyota,Corolla,2020,109885,Jeddah,57000.0
Toyota,Land Cruiser,2019,43000,Riyadh,236000.0
MG,ZS,2020,33000,Riyadh,55000.0
Mitsubishi,Pajero,2016,132000,Riyadh,56000.0
Ford,Expedition,2012,289000,Al-Ahsa,57000.0
Kia,Carnival,2018,100000,Al-Ahsa,69000.0
Hyundai,Sonata,2018,65000,Al-Ahsa,64000.0
Hyundai,Elantra,2018,86000,Al-Ahsa,49000.0
Toyota,Camry,2016,145000,Al-Ahsa,67000.0
Mazda,6,2018,188000,Al-Ahsa,59000.0
GMC,Sierra,2011,272000,Al-Ahsa,41000.0
MINI,Copper,2016,107000,Al-Ahsa,59000.0
Ford,Expedition,2016,172000,Al-Ahsa,76000.0
Lexus,ES,2016,200000,Hafar Al-Batin,80000.0
Ford,Marquis,2002,438074,Abha,10000.0
Mercedes,C,2016,92000,Jeddah,120000.0
Nissan,Pathfinder,2006,300000,Riyadh,21000.0
Toyota,Camry,2001,300000,Qassim,13500.0
Nissan,Pathfinder,2014,198000,Dammam,50000.0
Toyota,Corolla,2013,296000,Jazan,30000.0
Hyundai,Sonata,2019,94000,Riyadh,58000.0
Hyundai,Sonata,2019,129413,Riyadh,57500.0
Mitsubishi,Pajero,2016,161353,Riyadh,57500.0
Hyundai,Elantra,2020,20939,Riyadh,57500.0
Ford,Expedition,2013,94000,Dammam,60000.0
Toyota,Camry,2016,260000,Riyadh,53000.0
Ford,Expedition,2015,125000,Jeddah,75000.0
Chrysler,C300,2013,241000,Riyadh,41000.0
Chevrolet,Caprice,2009,320000,Jeddah,27000.0
Mercedes,S,1993,138000,Al-Jouf,22000.0
Chevrolet,Tahoe,2014,157000,Al-Jouf,68500.0
GMC,Yukon,2012,65000,Makkah,80000.0
Toyota,Hilux,2016,211000,Makkah,66000.0
Dodge,Charger,2020,21000,Riyadh,120000.0
Ford,Taurus,2010,406593,Jeddah,19000.0
Toyota,Hilux,2018,122000,Najran,65000.0
BMW,X,2015,72000,Riyadh,170000.0
Toyota,Land Cruiser Pickup,2015,96000,Tabouk,95000.0
Ford,Explorer,2010,250000,Jeddah,21000.0
Lexus,LX,2017,51000,Dammam,340000.0
Honda,Other,2009,32743,Jeddah,27500.0
Hyundai,Elantra,2020,24348,Riyadh,57500.0
Hyundai,Elantra,2020,16925,Riyadh,57500.0
Ford,Taurus,2013,53393,Riyadh,57500.0
Hyundai,Elantra,2019,31595,Riyadh,58000.0
BMW,X,2012,294000,Jeddah,45000.0
Audi,S5,2018,79800,Dammam,160000.0
Ford,F150,2012,235000,Al-Medina,55000.0
Audi,A6,2016,77000,Jeddah,90000.0
Mercedes,S,2014,29000,Dammam,260000.0
Mercedes,S,2015,96500,Dammam,220000.0
Mercedes,GLC,2019,56000,Dammam,223000.0
Land Rover,Range Rover,2014,97500,Jeddah,195000.0
Nissan,Sunny,2008,275000,Riyadh,10000.0
Toyota,Camry,2001,399000,Jubail,10000.0
Toyota,Yaris,2017,100000,Makkah,27000.0
Dodge,Charger,2019,78000,Khobar,124000.0
Hyundai,Sonata,2013,344506,Jeddah,30000.0
Lexus,LX,2014,342000,Abha,150000.0
Hyundai,Accent,2016,111000,Riyadh,22000.0
Hyundai,H1,2013,318000,Riyadh,26000.0
Chevrolet,Caprice,2013,184000,Riyadh,36000.0
Jeep,Grand Cherokee,2020,27150,Aseer,165000.0
Hyundai,H1,2018,106336,Riyadh,58500.0
Geely,X7,2019,27817,Riyadh,58500.0
Geely,GS,2020,8400,Riyadh,58500.0
Hyundai,H1,2018,79237,Riyadh,58500.0
Chevrolet,Suburban,2011,282000,Riyadh,60000.0
Ford,Taurus,2013,251000,Riyadh,35000.0
Mercedes,S,1995,115000,Al-Ahsa,21000.0
Hyundai,Senta fe,2016,105000,Riyadh,76000.0
GMC,Suburban,2004,111878,Al-Ahsa,15000.0
Toyota,Rush,2021,9000,Khobar,59500.0
Mazda,6,2021,14500,Jeddah,106000.0
Mazda,2,2011,37000,Riyadh,14000.0
Hyundai,Veloster,2013,248000,Riyadh,25000.0
Hyundai,Sonata,2019,3400,Al-Ahsa,58000.0
GMC,Suburban,2004,452800,Jazan,18000.0
Toyota,Camry,2018,24000,Riyadh,106000.0
Hyundai,Azera,2012,433000,Makkah,30000.0
Daihatsu,Delta,2014,100000,Aseer,35000.0
Hyundai,Creta,2020,16576,Riyadh,59500.0
Chevrolet,Impala,2018,110519,Riyadh,58500.0
Hyundai,Creta,2020,13736,Riyadh,60000.0
Toyota,Corolla,2018,28449,Riyadh,59500.0
Nissan,VTC,2009,251000,Riyadh,60000.0
Toyota,Furniture,2021,11000,Aseer,100000.0
Toyota,Land Cruiser,2021,20000,Riyadh,265000.0
Dodge,Durango,2013,213000,Riyadh,40000.0
Toyota,Furniture,2013,285000,Aseer,55000.0
Ford,Victoria,2006,320000,Taef,19500.0
Lexus,IS,2016,132000,Dammam,90000.0
Porsche,Cayenne,2006,195000,Jeddah,18000.0
Ford,Taurus,2019,89500,Jeddah,76000.0
Ford,Expedition,2014,143000,Riyadh,60000.0
Honda,Odyssey,2015,296000,Jeddah,43000.0
Kia,Cerato,2017,20000,Riyadh,41000.0
Ford,Mustang,2015,121000,Riyadh,85000.0
Mercedes,A,2021,250,Jeddah,179000.0
Chevrolet,Blazer,2006,457000,Riyadh,10000.0
Toyota,Camry,2017,109862,Riyadh,59500.0
Hyundai,Elantra,2020,9495,Riyadh,59500.0
Hyundai,Sonata,2019,70676,Riyadh,59500.0
Changan,CS35 Plus,2020,67095,Riyadh,60000.0
MG,3,2013,41000,Riyadh,15000.0
Toyota,Hilux,2013,290000,Tabouk,55000.0
BMW,X,2019,14000,Riyadh,220000.0
Ford,Marquis,2009,140000,Riyadh,22000.0
Mercedes,SE,2006,286000,Makkah,55000.0
Ford,F150,2016,138000,Riyadh,90000.0
Hyundai,Elantra,2017,99000,Riyadh,38500.0
Toyota,Avalon,2021,1800,Jeddah,182000.0
Nissan,KICKS,2020,17000,Riyadh,52000.0
Mitsubishi,Pajero,2016,216000,Dammam,58000.0
INFINITI,Q,2020,2000,Jeddah,155000.0
Toyota,Innova,2015,122000,Al-Medina,43000.0
Changan,CS85,2021,2500,Jeddah,98000.0
Lincoln,MKX,2017,75000,Al-Ahsa,125000.0
Nissan,Armada,2006,266000,Jeddah,25000.0
Lexus,NX,2020,30000,Jeddah,160000.0
Changan,CS35 Plus,2020,64355,Riyadh,60000.0
Hyundai,Azera,2017,107154,Riyadh,61000.0
Hyundai,H1,2018,88826,Riyadh,60500.0
Mazda,6,2017,91170,Riyadh,60500.0
GMC,Suburban,2006,230000,Makkah,29000.0
GMC,Suburban,2006,230000,Makkah,29000.0
Lexus,ES,2020,30000,Riyadh,142500.0
Chevrolet,Tahoe,2003,488000,Jeddah,13000.0
Cadillac,Escalade,2018,22200,Riyadh,230000.0
Toyota,Echo,2001,480000,Jeddah,10000.0
Ford,Taurus,2017,75000,Dammam,65000.0
Lexus,ES,2017,96906,Riyadh,116000.0
Dodge,Charger,2016,142000,Riyadh,89000.0
Toyota,Furniture,2009,250000,Taef,40000.0
Mercedes,S,2002,101000,Dammam,38000.0
Mercedes,E,2016,73000,Dammam,125000.0
Hyundai,Sonata,2018,120966,Riyadh,49000.0
Kia,Sportage,2019,69358,Riyadh,60500.0
Kia,Sportage,2019,73406,Riyadh,60500.0
Geely,X7,2019,32209,Riyadh,61000.0
MG,6,2020,29814,Riyadh,61500.0
Jeep,Grand Cherokee,2020,52000,Khobar,162000.0
Lexus,LS,2003,1869,Riyadh,22000.0
Mazda,6,2018,198000,Jeddah,55000.0
Toyota,Yaris,2016,130000,Al-Jouf,30000.0
Lexus,IS,2016,166000,Al-Ahsa,90000.0
Mercedes,C,2020,24000,Riyadh,267000.0
Chevrolet,Cruze,2014,135020,Riyadh,24000.0
Porsche,Cayenne,2017,93000,Dammam,210000.0
Chevrolet,Malibu,2017,175000,Dammam,49000.0
Renault,Symbol,2020,27000,Jeddah,25000.0
Lexus,LX,2017,68000,Dammam,342000.0
Land Rover,Range Rover,2015,125000,Riyadh,165000.0
BMW,The 7,2008,176000,Al-Medina,26000.0
Toyota,Camry,2004,322000,Riyadh,23000.0
Toyota,Avanza,2015,233000,Riyadh,28000.0
GMC,Sierra,2014,118000,Riyadh,100000.0
Nissan,Sunny,2018,69000,Riyadh,28000.0
HAVAL,H2,2021,2800,Jeddah,57000.0
Nissan,Maxima,2017,158543,Riyadh,61500.0
Hyundai,Sonata,2019,127974,Riyadh,61500.0
Hyundai,Tucson,2018,143479,Riyadh,61500.0
Toyota,Camry,2017,101732,Riyadh,61500.0
Toyota,Toyota 86,2013,56000,Dammam,50000.0
Chevrolet,Tahoe,2016,139000,Riyadh,110000.0
Kia,Rio,2019,55000,Makkah,36000.0
Lexus,LS,2010,120000,Taef,77000.0
Lexus,LS,2012,150000,Taef,95000.0
Mercedes,S,2015,113000,Taef,240000.0
Chrysler,C300,2005,300000,Jeddah,20000.0
Chevrolet,Silverado,2014,213000,Dammam,70000.0
Mercedes,GLB,2020,10998,Riyadh,255000.0
Mercedes,C,2016,99000,Dammam,129000.0
Kia,Rio,2020,300,Dammam,57000.0
Daihatsu,Terios Ground,2015,98000,Dammam,35000.0
Hyundai,Sonata,2017,154000,Al-Ahsa,49000.0
Mercedes,A,2020,12500,Riyadh,150000.0
Lexus,RX,2015,73000,Jeddah,110000.0
Toyota,Land Cruiser,2015,137000,Al-Ahsa,150000.0
Ford,Flex,2014,128500,Qassim,49000.0
Toyota,Land Cruiser,2007,315000,Qassim,60000.0
Ford,Victoria,2011,129000,Dammam,25000.0
Toyota,Corolla,2009,360000,Jeddah,15000.0
Mercedes,E,2010,168000,Jeddah,58000.0
Hyundai,H1,2018,106327,Riyadh,61500.0
Hyundai,H1,2018,90706,Riyadh,61500.0
Mitsubishi,Pajero,2016,153042,Riyadh,61500.0
Hyundai,Sonata,2018,84655,Riyadh,61500.0
Chevrolet,Traverse,2016,56500,Tabouk,65000.0
Mercedes,GLB,2020,10362,Riyadh,219000.0
INFINITI,QX,2017,54000,Dammam,70000.0
GMC,Yukon,2016,48000,Dammam,145000.0
Toyota,Land Cruiser,2016,1900,Jeddah,255000.0
GMC,Sierra,2018,61000,Dammam,145000.0
Lexus,ES,2017,62000,Riyadh,136000.0
Ford,Expedition,2018,103458,Riyadh,186000.0
Dodge,Charger,2016,123000,Riyadh,109000.0
Toyota,Prado,2016,174000,Al-Medina,120000.0
Lexus,IS,2016,96000,Dammam,108000.0
Kia,Rio,2008,323880,Jeddah,9000.0
Ford,Victoria,1997,377000,Dammam,12000.0
Chrysler,C300,2013,220000,Dammam,42000.0
Mercedes,S,2013,110000,Dammam,113000.0
Ford,Explorer,2016,128644,Riyadh,118000.0
Dodge,Charger,2017,141000,Riyadh,108000.0
Chevrolet,Tahoe,2017,105920,Riyadh,149000.0
Mazda,CX3,2019,40301,Riyadh,61500.0
Honda,Civic,2017,20258,Riyadh,61500.0
Honda,HRV,2021,6018,Riyadh,62000.0
Hyundai,Sonata,2019,113057,Riyadh,62500.0
Chrysler,300,2017,108828,Riyadh,94000.0
Chevrolet,Camaro,2016,118993,Riyadh,107000.0
Mercedes,C,2015,51201,Riyadh,119000.0
Mercedes,C,2017,62000,Riyadh,186000.0
Land Rover,Range Rover,2016,101839,Riyadh,220000.0
Mercedes,E,2017,72000,Riyadh,178000.0
Ford,Explorer,2013,111251,Riyadh,74000.0
Toyota,Innova,2013,286000,Al-Medina,38000.0
Ford,Mustang,2018,79000,Dammam,122000.0
Chevrolet,Tahoe,2016,149000,Dammam,149000.0
Dodge,Durango,2011,199000,Riyadh,40000.0
Chevrolet,Camaro,2018,118000,Dammam,119000.0
Chevrolet,Cruze,2013,120000,Makkah,18000.0
Toyota,Hilux,2015,234000,Jazan,56000.0
Ford,Victoria,2001,399249,Riyadh,3000.0
GMC,Yukon,2014,235000,Dammam,72000.0
Toyota,Rav4,2017,162000,Jeddah,60000.0
Mercedes,CLA,2020,10000,Riyadh,195000.0
Chrysler,C300,2016,83000,Dammam,86000.0
Toyota,Hilux,2016,156495,Riyadh,62500.0
Toyota,Innova,2017,203312,Riyadh,62500.0
Kia,Sportage,2018,57073,Riyadh,63500.0
Nissan,Maxima,2016,100943,Riyadh,63500.0
Chrysler,S300,2018,105000,Dammam,112000.0
Toyota,Land Cruiser,2018,59000,Riyadh,275000.0
Lexus,ES,2021,3000,Makkah,177000.0
Volkswagen,Touareg,2015,183000,Qassim,69000.0
GMC,Yukon,2019,60000,Makkah,175000.0
Toyota,Camry,2020,1700,Makkah,115000.0
Mercedes,C,2019,15000,Makkah,175000.0
Chevrolet,Cruze,2013,120000,Taef,18000.0
Mercedes,E,2020,10000,Makkah,285000.0
Lexus,NX,2018,1800,Jeddah,161000.0
Toyota,Land Cruiser Pickup,2019,67000,Jeddah,95000.0
Toyota,Land Cruiser,2019,95000,Jeddah,233000.0
Lexus,ES,2019,16000,Jeddah,191000.0
Toyota,Rav4,2017,174000,Jeddah,77000.0
Hyundai,Sonata,2016,73000,Tabouk,63000.0
Hyundai,H1,2008,1000,Tabouk,17000.0
GMC,Suburban,2005,420000,Dammam,25000.0
Chevrolet,Impala,2015,169000,Al-Ahsa,72000.0
Renault,Koleos,2017,103503,Riyadh,64000.0
Ford,Flex,2013,71927,Riyadh,64000.0
Toyota,Hilux,2018,111362,Riyadh,64500.0
Toyota,Camry,2017,215735,Riyadh,64500.0
Mercedes,S,2019,80000,Riyadh,355000.0
Lexus,LX,2020,14000,Jeddah,420000.0
Toyota,Land Cruiser,2018,126000,Jeddah,260000.0
Toyota,Land Cruiser,2019,101000,Jeddah,260000.0
Toyota,Land Cruiser,2019,38000,Jeddah,248000.0
Toyota,Land Cruiser,2019,52000,Jeddah,248000.0
Toyota,Land Cruiser,2020,59000,Jeddah,248000.0
Toyota,Land Cruiser Pickup,2016,26000,Jeddah,115000.0
Hyundai,Tucson,2018,60000,Jeddah,70000.0
Hyundai,Sonata,2018,125000,Jeddah,57000.0
Hyundai,Elantra,2018,144000,Jeddah,45000.0
Toyota,Camry,2014,117000,Jeddah,43000.0
Hyundai,Accent,2019,83000,Jeddah,37000.0
Toyota,Yaris,2018,98000,Jeddah,35000.0
Toyota,Yaris,2018,68000,Jeddah,35000.0
Hyundai,Accent,2018,96000,Jeddah,34000.0
Hyundai,Accent,2018,127000,Jeddah,33000.0
Hyundai,Accent,2018,120000,Jeddah,32000.0
Hyundai,Sonata,2019,94000,Riyadh,58500.0
Lexus,UX,2020,10000,Dammam,176000.0
Mercedes,C,2017,54000,Dammam,153000.0
Toyota,Land Cruiser,2019,6000,Dammam,298000.0
Hyundai,Elantra,2018,45000,Riyadh,54000.0
Toyota,Camry,2019,124004,Riyadh,65000.0
Mazda,CX3,2020,14501,Riyadh,66000.0
Ford,Taurus,2018,78508,Riyadh,65000.0
Peugeot,308,2012,290000,Jubail,12000.0
Honda,Accord,2017,25400,Jeddah,90000.0
Lexus,ES,2016,12472,Dammam,91200.0
Nissan,Sunny,2011,108000,Riyadh,19000.0
Chevrolet,Silverado,2019,33000,Tabouk,170000.0
Chevrolet,Silverado,2019,33000,Tabouk,170000.0
Chevrolet,Silverado,2019,33000,Tabouk,170000.0
Ford,Expedition,2016,100000,Qassim,98000.0
Lexus,ES,2016,103000,Jeddah,102000.0
Hyundai,Senta fe,2015,246000,Khobar,60000.0
Honda,MR-V,2003,480000,Riyadh,17500.0
Toyota,Ciocca,2013,53000,Riyadh,90000.0
Toyota,Land Cruiser,2020,10000,Jazan,200000.0
MG,RX5,2020,7855,Riyadh,65500.0
Jeep,Compass,2019,43834,Riyadh,66000.0
Ford,Edge,2016,105344,Riyadh,66500.0
Hyundai,Azera,2016,91747,Riyadh,66500.0
Kia,Carnival,2015,34200,Al-Ahsa,50000.0
Kia,Rio,2019,17500,Al-Ahsa,37000.0
Ford,Marquis,2009,377000,Al-Ahsa,21000.0
Hyundai,Sonata,2018,78000,Riyadh,63000.0
Nissan,Z370,2020,3000,Dammam,129000.0
Peugeot,Partner,2016,114000,Dammam,22000.0
Chevrolet,Camaro,2017,81633,Riyadh,120000.0
Chevrolet,Tahoe,2020,67000,Riyadh,176000.0
Nissan,Sunny,2018,58244,Riyadh,30000.0
Audi,A8,2016,42000,Dammam,165000.0
Ford,Taurus,2016,108000,Dammam,79000.0
Toyota,Yaris,2018,134000,Jeddah,36000.0
Hyundai,Accent,2017,91000,Riyadh,30000.0
Chevrolet,Malibu,2015,175500,Khobar,32000.0
Toyota,Prado,2011,263000,Khobar,55000.0
Ford,Mustang,2019,52000,Riyadh,139000.0
Ford,Taurus,2016,91815,Riyadh,86000.0
Mitsubishi,Pajero,2017,161709,Riyadh,66500.0
Hyundai,Kona,2020,10239,Riyadh,66500.0
Mazda,6,2018,68263,Riyadh,66500.0
Nissan,Armada,2006,184000,Jeddah,30000.0
Jaguar,X Type,2006,200000,Riyadh,30000.0
Chevrolet,Tahoe,2010,340000,Tabouk,40000.0
Toyota,Ciocca,2013,114000,Al-Medina,89000.0
Toyota,Yaris,2016,128000,Dammam,25000.0
Toyota,Hiace,2017,555555,Riyadh,73000.0
Kia,Rio,2016,237000,Dammam,21000.0
Ford,Taurus,2015,104000,Dammam,74000.0
Toyota,Ciocca,2015,85000,Dammam,125000.0
Ford,Expedition,2013,84000,Dammam,72000.0
Kia,Sportage,2016,55000,Riyadh,68000.0
GMC,Yukon,2008,250000,Riyadh,22000.0
Cadillac,CT-S,2011,101000,Yanbu,40000.0
Toyota,Previa,2004,300000,Dammam,12000.0
Mazda,6,2020,78000,Riyadh,76000.0
Chevrolet,Lumina,2008,205000,Dammam,12000.0
Chrysler,C300,2005,275000,Dammam,18000.0
Toyota,Camry,2017,119550,Riyadh,66500.0
Toyota,Furniture,2015,164277,Riyadh,66500.0
Ford,Expedition,2013,225299,Riyadh,66587.0
Hyundai,Sonata,2019,49515,Riyadh,68000.0
Nissan,Bus Urvan,2010,2012,Dammam,14500.0
Chevrolet,Suburban,2016,156000,Dammam,290000.0
Ford,Expedition,2013,121000,Riyadh,40000.0
Mitsubishi,Pajero,2016,132000,Aseer,63000.0
Chevrolet,Malibu,2013,177000,Dammam,30000.0
Hyundai,Elantra,2019,102000,Dammam,48000.0
Chevrolet,Impala,2018,52000,Riyadh,75000.0
Mercedes,S,2018,83000,Jeddah,315000.0
Chevrolet,Camaro,2017,116000,Dammam,129000.0
Ford,Taurus,2018,63000,Jeddah,80000.0
Toyota,Ciocca,2016,92000,Dammam,108000.0
Ford,Taurus,2017,132000,Dammam,65000.0
Chevrolet,Impala,2014,181000,Riyadh,60000.0
Ford,Taurus,2015,172000,Jeddah,52000.0
Toyota,Furniture,2015,250000,Makkah,55000.0
Nissan,Sentra,2018,97000,Al-Ahsa,39000.0
Mercedes,ML,2013,140000,Riyadh,120000.0
GMC,Suburban,2005,260000,Al-Medina,20000.0
GMC,Sierra,2016,109000,Dammam,100000.0
Honda,Accord,2016,106214,Riyadh,67500.0
Toyota,Rav4,2017,235614,Riyadh,67500.0
Nissan,Altima,2018,48096,Riyadh,68000.0
Hyundai,Accent,2008,250000,Qassim,4000.0
Lincoln,MKX,2016,99000,Dammam,100000.0
Fiat,500,2019,19000,Dammam,70000.0
Chevrolet,Malibu,2013,165000,Dammam,30000.0
Chevrolet,Malibu,2016,203000,Dammam,32000.0
Changan,CS35,2019,150000,Dammam,40000.0
Chevrolet,Camaro,2017,118000,Dammam,113000.0
Porsche,Macan,2015,93000,Jeddah,138000.0
Mazda,CX9,2015,260000,Dammam,63000.0
Toyota,Hiace,2016,307000,Riyadh,60000.0
Toyota,Camry,2018,109000,Qassim,80000.0
Hyundai,Senta fe,2014,265000,Qassim,52000.0
Nissan,Patrol,2020,26000,Riyadh,235000.0
Lexus,ES,2007,250000,Al-Namas,25000.0
Hyundai,Accent,2015,500000,Jeddah,22000.0
Volkswagen,Passat,2014,88673,Jeddah,50000.0
Isuzu,D-MAX,2018,203957,Riyadh,68500.0
Mazda,CX9,2015,217162,Riyadh,68500.0
Kia,Sorento,2016,93914,Riyadh,68500.0
Toyota,Hiace,2017,192692,Riyadh,68500.0
Chevrolet,Tahoe,2007,450000,Jeddah,27500.0
Ford,Explorer,2014,158000,Riyadh,55000.0
Lexus,LX,2015,105000,Jeddah,213000.0
Kia,Cadenza,2016,33212,Qassim,66000.0
Lexus,ES,2017,69000,Dammam,142000.0
Lexus,GS,2017,80000,Dammam,175000.0
Rolls-Royce,Ghost,2016,40000,Dammam,620000.0
Isuzu,D-MAX,2014,288000,Dammam,42000.0
Chevrolet,Suburban,2019,37000,Riyadh,148000.0
Lexus,LX,2018,95000,Jeddah,355000.0
Toyota,Yaris,2019,42628,Dammam,38500.0
Mercedes,CLS,2016,45000,Dammam,168000.0
Chevrolet,Camaro,2018,79000,Dammam,113000.0
Kia,Stinger,2020,7000,Dammam,160000.0
Ford,Taurus,2015,247000,Qassim,55000.0
Cadillac,CT-S,2013,137000,Al-Medina,45000.0
Toyota,Land Cruiser,2015,264000,Jeddah,140000.0
Nissan,Sentra,2014,165000,Riyadh,18500.0
Mitsubishi,Pajero,2018,108000,Riyadh,77000.0
Audi,A8,2013,100000,Riyadh,108000.0
Toyota,Camry,2016,77000,Riyadh,63000.0
Hyundai,Accent,2017,69000,Riyadh,34000.0
Toyota,Land Cruiser,2020,35000,Riyadh,210000.0
Toyota,Hiace,2017,143594,Riyadh,69000.0
Mazda,6,2019,64970,Riyadh,69500.0
Isuzu,D-MAX,2018,52849,Riyadh,69500.0
Hyundai,Sonata,2018,84795,Riyadh,69500.0
Chevrolet,Caprice,2015,172000,Riyadh,108000.0
Honda,Accord,2016,80000,Riyadh,69000.0
Toyota,Prado,2020,5000,Riyadh,153000.0
Lexus,IS,2018,131000,Riyadh,166000.0
Honda,Accord,2017,75000,Riyadh,90000.0
Ford,Expedition,2017,90000,Riyadh,97000.0
Lexus,ES,2018,20000,Riyadh,126000.0
Ford,Edge,2017,82000,Riyadh,80000.0
Lexus,RX,2016,104000,Riyadh,148000.0
Ford,Flex,2015,167000,Riyadh,53000.0
Nissan,Altima,2017,40000,Riyadh,59000.0
Ford,Explorer,2017,94000,Riyadh,82000.0
Ford,Expedition,2016,103000,Riyadh,83000.0
Toyota,Hiace,2016,99999,Riyadh,69000.0
Chevrolet,Impala,2019,16000,Riyadh,95000.0
Mercedes,C,2017,86000,Jeddah,105000.0
Toyota,Corolla,2018,65000,Jeddah,57000.0
Honda,Civic,2017,122000,Jeddah,43000.0
Mercedes,Viano,2013,154000,Jeddah,45000.0
Hyundai,Senta fe,2016,134000,Riyadh,48000.0
Toyota,Prado,2013,186000,Riyadh,55000.0
Mazda,CX9,2014,123000,Riyadh,42000.0
Ford,Taurus,2015,154706,Riyadh,69500.0
Nissan,X-Trail,2018,30507,Riyadh,69500.0
Audi,A3,2016,70278,Riyadh,69500.0
Toyota,Innova,2017,57482,Riyadh,69500.0
Hyundai,Accent,2014,252000,Taef,20000.0
Chevrolet,Tahoe,2015,121000,Riyadh,92000.0
GMC,Yukon,2015,170000,Arar,102000.0
Hyundai,Sonata,2017,82190,Qassim,63000.0
Land Rover,Range Rover,2019,36000,Riyadh,400000.0
Kia,Cores,2015,75000,Dammam,75000.0
Isuzu,D-MAX,2010,380000,Dammam,29000.0
Lexus,IS,2018,54000,Jeddah,275000.0
Geely,Emgrand,2014,108800,Dammam,12000.0
Audi,S8,2016,42000,Dammam,229000.0
Hyundai,Azera,2016,111000,Dammam,86000.0
GMC,Yukon,2007,235000,Dammam,65000.0
Hyundai,Elantra,2016,55000,Riyadh,48000.0
Hyundai,Senta fe,2016,157000,Al-Ahsa,69000.0
Toyota,Rav4,2016,231000,Jubail,52000.0
GMC,Yukon,2016,145000,Al-Medina,100000.0
Toyota,Camry,2017,166000,Riyadh,55000.0
Toyota,Innova,2017,106377,Riyadh,69500.0
Toyota,Hiace,2017,133148,Riyadh,70000.0
Toyota,Hiace,2017,134007,Riyadh,70000.0
Hyundai,Kona,2020,30271,Riyadh,70000.0
Hyundai,H1,2016,154000,Al-Ahsa,54000.0
Chevrolet,Tahoe,2016,104000,Al-Ahsa,112000.0
Ford,Edge,2017,92000,Riyadh,81000.0
Toyota,Land Cruiser,2018,142000,Jeddah,245000.0
Hyundai,Elantra,2016,101715,Qassim,52000.0
Nissan,Bus Urvan,2009,173000,Dammam,25000.0
Chevrolet,Caprice,2013,148316,Dammam,65000.0
MG,RX8,2020,19000,Jeddah,88000.0
Ford,Expedition,2013,145000,Riyadh,38000.0
Audi,A8,2018,44500,Dammam,310000.0
Nissan,Z370,2020,3000,Dammam,129000.0
GMC,Yukon,2019,83000,Jeddah,165000.0
Toyota,Hilux,2016,2500,Dammam,105000.0
Chevrolet,Tahoe,2012,61000,Jeddah,80000.0
Jaguar,XJR,2013,130000,Al-Medina,85000.0
Toyota,Land Cruiser,2020,18000,Riyadh,285000.0
GMC,Savana,2007,63000,Al-Medina,75000.0
Toyota,Yaris,2016,119000,Dammam,32000.0
Hyundai,Tucson,2018,17002,Jeddah,70500.0
Honda,Accord,2017,139806,Riyadh,71500.0
Toyota,Hilux,2016,122084,Riyadh,71500.0
Hyundai,Sonata,2018,65325,Riyadh,71500.0
Lexus,ES,2016,154000,Dammam,88000.0
Ford,Taurus,2016,102000,Dammam,72000.0
Dodge,Charger,2015,119000,Dammam,105000.0
Ford,Taurus,2018,107000,Dammam,77000.0
Mercedes,S,2006,435000,Dammam,39000.0
Ford,Taurus,2016,91000,Dammam,70000.0
Toyota,Avalon,2015,80000,Dammam,86000.0
Lexus,ES,2016,87000,Dammam,119000.0
GMC,Acadia,2014,193000,Dammam,58000.0
GMC,Yukon,2014,327000,Dammam,77000.0
Lexus,RC,2015,139000,Dammam,121000.0
Ford,Taurus,2018,92000,Dammam,93000.0
Ford,Mustang,2019,41000,Dammam,123000.0
Ford,Mustang,2016,50000,Dammam,127000.0
GMC,Yukon,2013,292000,Dammam,74000.0
Porsche,Panamera,2011,113000,Dammam,99000.0
Toyota,Prado,2018,77000,Dammam,139000.0
Cadillac,Escalade,2016,114000,Dammam,179000.0
Chevrolet,Camaro,2018,89000,Dammam,109000.0
Ford,Marquis,2010,270000,Riyadh,19000.0
Mazda,CX9,2016,104000,Dammam,105000.0
Cadillac,Escalade,2016,114000,Dammam,175000.0
Toyota,Prado,2018,19000,Dammam,143000.0
Mercedes,S,2013,110000,Dammam,113000.0
Chevrolet,Camaro,2017,99000,Dammam,109000.0
Chevrolet,Caprice,2015,147374,Riyadh,71500.0
Audi,A6,2013,74924,Riyadh,71500.0
Lincoln,MKZ,2013,98100,Riyadh,71500.0
Hyundai,Sonata,2018,84315,Riyadh,72500.0
Ford,Taurus,2015,100000,Dammam,79000.0
Chevrolet,Traverse,2016,154000,Dammam,85000.0
Chevrolet,Silverado,2018,57000,Dammam,89000.0
Ford,Taurus,2016,129000,Dammam,74000.0
Ford,Fusion,2015,157000,Dammam,47000.0
Toyota,Prado,2018,77000,Dammam,139000.0
Ford,Taurus,2015,96000,Dammam,85000.0
Ford,Taurus,2018,59000,Dammam,91000.0
Ford,Taurus,2015,122000,Dammam,69000.0
Ford,Taurus,2018,100000,Dammam,89000.0
Chrysler,S300,2018,105000,Dammam,119000.0
Chevrolet,Malibu,2016,170000,Riyadh,20000.0
INFINITI,QX,2019,19800,Riyadh,130000.0
Hyundai,Elantra,2015,270000,Jeddah,27000.0
Nissan,Armada,2006,100000,Jeddah,12000.0
Toyota,Land Cruiser 70,2019,89000,Riyadh,90000.0
Chevrolet,Blazer,2015,180000,Jubail,40000.0
Mitsubishi,Pajero,2016,122000,Riyadh,50000.0
Mercedes,S,2003,440000,Tabouk,16000.0
Lexus,LX,2015,97000,Taef,192000.0
Kia,Cadenza,2018,148884,Riyadh,65000.0
Kia,Cadenza,2018,155652,Riyadh,72500.0
Chevrolet,Impala,2018,63118,Riyadh,73500.0
Ford,Taurus,2018,81165,Riyadh,74000.0
Hyundai,Senta fe,2018,143405,Riyadh,74500.0
Hyundai,Azera,2019,56000,Riyadh,77000.0
Chevrolet,Spark,2020,16000,Riyadh,27000.0
Volkswagen,CC,2012,210000,Al-Ahsa,27000.0
Chevrolet,Silverado,2018,97000,Dammam,83000.0
Hyundai,Elantra,2018,70000,Aseer,57000.0
Hyundai,Elantra,2021,2600,Makkah,95000.0
Ford,Marquis,2001,350000,Aseer,6000.0
Mercedes,E,2017,33000,Dammam,185000.0
Nissan,Patrol,2015,130000,Dammam,82000.0
Nissan,Sunny,2020,1300,Dammam,43000.0
Toyota,C-HR,2020,11000,Dammam,90000.0
Toyota,Camry,2017,95794,Riyadh,74500.0
Ford,Taurus,2018,91355,Riyadh,74500.0
Chevrolet,Caprice,2013,79159,Riyadh,75000.0
Chevrolet,Caprice,2013,124628,Riyadh,75000.0
Nissan,Datsun,2013,340000,Qassim,26000.0
Mercedes,C,2020,33000,Jeddah,235000.0
GMC,Yukon,2012,65000,Makkah,80000.0
Hyundai,Elantra,2016,97000,Al-Medina,42000.0
Nissan,Sunny,2007,300020,Abha,15000.0
Toyota,Hilux,2007,445250,Wadi Dawasir,50000.0
Toyota,Innova,2020,24552,Riyadh,76500.0
Toyota,Hilux,2018,105558,Riyadh,76500.0
Dodge,Charger,2017,122178,Riyadh,76500.0
Chevrolet,Caprice,2013,92132,Riyadh,76500.0
GMC,Yukon,2011,293000,Abha,47000.0
Mitsubishi,Pajero,2016,200000,Riyadh,56000.0
Jeep,Grand Cherokee,2014,245000,Al-Namas,55000.0
GMC,Terrain,2013,240000,Jeddah,30000.0
Mercedes,E,2014,95000,Dammam,98000.0
Kia,Mohave,2014,200350,Al-Ahsa,40000.0
Lexus,LX,2014,88000,Qassim,207000.0
Chevrolet,Colorado,2013,202000,Al-Medina,23000.0
Kia,Rio,2015,182000,Riyadh,21000.0
GMC,Savana,1999,200000,Jeddah,11500.0
GMC,Yukon,2017,39000,Taef,142000.0
Toyota,Avalon,2013,101000,Jeddah,70000.0
Mazda,6,2019,71187,Riyadh,76500.0
Honda,Accord,2014,59200,Riyadh,76500.0
Dodge,Charger,2016,165407,Riyadh,76500.0
Ford,Expedition,2014,16682,Riyadh,76500.0
Hyundai,Tucson,2015,69000,Jeddah,45000.0
Nissan,Maxima,2011,355000,Jeddah,20000.0
Ford,Fusion,2015,200000,Riyadh,49000.0
Chevrolet,Traverse,2011,100000,Besha,20000.0
Kia,Optima,2015,129744,Al-Medina,49500.0
Toyota,Yaris,2019,50000,Dammam,40000.0
Lexus,IS,2018,131000,Riyadh,166000.0
Ford,Taurus,2016,115000,Dammam,71000.0
Hyundai,Elantra,2015,169000,Aseer,30000.0
Genesis,G80,2019,35000,Riyadh,220000.0
Mercedes,C,2019,5000,Riyadh,187000.0
Lexus,LX,2020,12000,Riyadh,430000.0
Honda,Accord,2008,197000,Abha,20000.0
GMC,Suburban,2004,212000,Riyadh,14000.0
Mercedes,S,2006,228000,Taef,45000.0
Porsche,Macan,2018,36000,Jeddah,210000.0
Chevrolet,Silverado,2018,88000,Dammam,85000.0
Mercedes,C,2017,80000,Dammam,270000.0
Mercedes,CL,2011,60000,Dammam,170000.0
Ford,Taurus,2017,128439,Riyadh,76500.0
Dodge,Durango,2017,102608,Riyadh,76500.0
Toyota,Innova,2017,175559,Riyadh,76500.0
Hyundai,Azera,2019,61294,Riyadh,76500.0
Mercedes,G,2017,113000,Dammam,330000.0
Jeep,Cherokee,2010,400000,Riyadh,15000.0
Lexus,LS,2008,299000,Dammam,38000.0
Hyundai,Senta fe,2014,215000,Jeddah,41000.0
Toyota,Land Cruiser,2008,476000,Dammam,68000.0
Toyota,Camry,2017,362000,Dammam,38000.0
Toyota,Land Cruiser,2015,240000,Riyadh,158000.0
Ford,Taurus,2013,280000,Riyadh,46000.0
Nissan,Maxima,2018,48000,Dammam,85000.0
Hyundai,Accent,2017,168000,Dammam,26000.0
Mazda,6,2017,175000,Dammam,50000.0
Jeep,Wrangler,2018,70000,Dammam,108000.0
Toyota,Hilux,2016,106000,Khobar,73000.0
Toyota,Hilux,2011,300000,Tabouk,20000.0
Hyundai,Tucson,2018,85000,Jeddah,65000.0
Mazda,6,2018,42000,Jeddah,86000.0
Mazda,3,2018,90000,Jeddah,41000.0
GMC,Yukon,2013,141000,Jeddah,80000.0
Mazda,CX3,2019,64000,Jeddah,55000.0
Mazda,CX9,2020,20000,Jeddah,115000.0
Ford,Expedition,2015,110790,Riyadh,77000.0
Toyota,Rav4,2018,133578,Riyadh,77500.0
Toyota,Avalon,2015,249539,Riyadh,77500.0
Hyundai,Tucson,2020,16458,Riyadh,78500.0
Mazda,CX3,2019,57000,Jeddah,55000.0
Mazda,CX3,2018,70000,Jeddah,48000.0
Mazda,3,2018,105000,Jeddah,38000.0
Lexus,ES,2016,86000,Jeddah,125000.0
Hyundai,Accent,2017,150000,Riyadh,31000.0
Kia,Rio,2016,270000,Riyadh,25000.0
Lexus,LS,2016,90000,Jeddah,200000.0
Lexus,ES,2021,700,Jeddah,183000.0
Toyota,Avalon,2020,33000,Jeddah,164000.0
Mercedes,E,2018,102000,Jeddah,155000.0
Dodge,Charger,2017,64000,Jeddah,145000.0
Toyota,Furniture,2019,60000,Jeddah,97000.0
Audi,A8,2013,134000,Jeddah,85000.0
Ford,Taurus,2018,91000,Jeddah,77000.0
Ford,Taurus,2016,103000,Jeddah,70000.0
Hyundai,Sonata,2020,3000,Jeddah,118000.0
Toyota,FJ,2017,158200,Jazan,105000.0
Nissan,Maxima,2010,280000,Riyadh,22000.0
Mazda,CX9,2015,78000,Jeddah,57000.0
Hyundai,Elantra,2021,9974,Riyadh,78500.0
Toyota,Hilux,2016,78102,Riyadh,78500.0
Dodge,Charger,2016,129477,Riyadh,78500.0
Dodge,Charger,2016,236335,Riyadh,78500.0
Kia,Cerato,2016,34000,Riyadh,32000.0
Renault,Dokker,2016,143000,Riyadh,20000.0
Toyota,Camry,2017,75000,Dammam,73000.0
Hyundai,Sonata,2018,84000,Riyadh,68000.0
BMW,The 7,2004,297000,Riyadh,11500.0
Toyota,Avalon,2012,225000,Aseer,75000.0
Land Rover,Range Rover,2017,150000,Riyadh,115000.0
Dodge,Ram,2019,65000,Dammam,50000.0
Toyota,Corolla,2016,238000,Dammam,40500.0
Toyota,Corolla,2016,123213,Dammam,40500.0
Toyota,Corolla,2016,148000,Dammam,39500.0
Toyota,Corolla,2016,294000,Dammam,38500.0
GMC,Yukon,2018,196600,Dammam,130000.0
GMC,Yukon,2018,195000,Dammam,125000.0
Toyota,Hilux,2017,62000,Dammam,87000.0
Toyota,Prado,2015,250000,Dammam,78000.0
Toyota,Hiace,2017,223000,Dammam,77000.0
Mazda,CX9,2016,91000,Dammam,75000.0
Chevrolet,Silverado,2016,270000,Dammam,75000.0
Toyota,Furniture,2017,270337,Dammam,70000.0
Toyota,Avalon,2014,188257,Jeddah,78500.0
Chevrolet,Caprice,2013,74522,Riyadh,79500.0
Mercedes,C,2014,148925,Jeddah,79500.0
Chevrolet,Caprice,2013,70375,Riyadh,80500.0
Toyota,Hilux,2013,300000,Dammam,70000.0
Toyota,Hilux,2016,129000,Dammam,69000.0
Toyota,Innova,2018,275916,Dammam,67000.0
Toyota,Hilux,2017,384000,Dammam,66000.0
Toyota,Camry,2017,90000,Dammam,66000.0
Toyota,Hiace,2016,245743,Dammam,65000.0
Mazda,6,2018,42885,Dammam,65000.0
Toyota,Hiace,2016,210000,Dammam,65000.0
Toyota,Hiace,2016,205812,Dammam,65000.0
Mazda,6,2018,71169,Dammam,65000.0
Toyota,Innova,2017,85218,Dammam,64000.0
Toyota,Innova,2017,145997,Dammam,64000.0
Toyota,Camry,2017,126000,Dammam,63000.0
Toyota,Hiace,2017,61000,Dammam,63000.0
Toyota,Hilux,2016,266949,Dammam,63000.0
Mazda,6,2018,79795,Dammam,63000.0
Toyota,Hilux,2015,183000,Dammam,60000.0
Toyota,Hiace,2015,178000,Dammam,60000.0
Toyota,Hilux,2016,250000,Dammam,58000.0
Isuzu,D-MAX,2016,245599,Dammam,55000.0
Isuzu,D-MAX,2015,445539,Dammam,53000.0
Isuzu,D-MAX,2015,299967,Dammam,53000.0
Isuzu,D-MAX,2015,251662,Dammam,53000.0
Hyundai,Elantra,2018,79882,Dammam,50500.0
Toyota,Corolla,2018,85258,Dammam,50000.0
Ford,Taurus,2019,85828,Riyadh,80500.0
Ford,Taurus,2019,82569,Riyadh,80500.0
Toyota,Furniture,2015,70346,Riyadh,80500.0
Toyota,Corolla,2018,98257,Dammam,49000.0
Toyota,Camry,2015,120000,Dammam,48000.0
Hyundai,Elantra,2018,91700,Dammam,48000.0
Toyota,Corolla,2018,85884,Dammam,46500.0
Toyota,Corolla,2017,84289,Dammam,46000.0
Toyota,Corolla,2017,86782,Dammam,46000.0
Toyota,Corolla,2017,72609,Dammam,46000.0
GMC,Sierra,2013,300000,Dammam,45000.0
Toyota,Innova,2015,230000,Dammam,45000.0
Hyundai,Elantra,2017,91000,Dammam,43500.0
Toyota,Corolla,2017,249410,Dammam,43000.0
Kia,Sportage,2016,155000,Dammam,42000.0
Toyota,Land Cruiser,2002,3000,Dammam,42000.0
Toyota,Corolla,2016,83000,Dammam,38500.0
Toyota,Corolla,2016,141195,Dammam,37000.0
Hyundai,Azera,2015,272783,Dammam,36000.0
Hyundai,Accent,2018,81000,Dammam,35500.0
Toyota,Corolla,2015,128333,Dammam,33000.0
Hyundai,Accent,2018,63012,Dammam,32000.0
Hyundai,Accent,2018,67000,Dammam,32000.0
Hyundai,Accent,2018,65700,Dammam,32000.0
Suzuki,APV,2017,80000,Dammam,30000.0
Hyundai,Accent,2017,212000,Dammam,29500.0
Hyundai,Accent,2017,59933,Dammam,29500.0
Toyota,Yaris,2017,133000,Dammam,29000.0
Mitsubishi,Pajero,2019,8968,Riyadh,81500.0
Toyota,Camry,2019,105285,Riyadh,81500.0
Hyundai,Sonata,2018,49271,Riyadh,81500.0
Toyota,Avalon,2016,110864,Riyadh,81500.0
Hyundai,Accent,2017,112972,Dammam,29000.0
Toyota,Yaris,2016,166000,Dammam,28500.0
Daihatsu,Gran Max,2014,95000,Dammam,28000.0
Suzuki,APV,2016,329000,Dammam,28000.0
Suzuki,APV,2016,162000,Dammam,28000.0
Nissan,Sunny,2017,76672,Dammam,28000.0
Toyota,Yaris,2015,193265,Dammam,26500.0
Toyota,Yaris,2016,133300,Dammam,26000.0
Mitsubishi,Attrage,2018,102000,Dammam,24500.0
Nissan,VTC,1998,415000,Dammam,21000.0
Toyota,Coaster,2014,195000,Dammam,75000.0
Ford,Taurus,2017,131408,Dammam,69000.0
Ford,Taurus,2017,153889,Dammam,68000.0
Toyota,Hilux,2016,174172,Dammam,65000.0
Toyota,Hilux,2016,97173,Dammam,64000.0
Toyota,Hilux,2016,166085,Dammam,63000.0
Toyota,Hilux,2016,172632,Dammam,63000.0
Toyota,Hilux,2016,165000,Dammam,63000.0
Toyota,Hilux,2016,157051,Dammam,63000.0
Toyota,Hilux,2016,213557,Dammam,63000.0
Toyota,Camry,2017,102637,Dammam,62500.0
Toyota,Hilux,2016,182774,Dammam,62000.0
Honda,Accord,2017,93990,Riyadh,83500.0
Ford,Explorer,2013,14606,Riyadh,83500.0
Toyota,Camry,2020,4443,Riyadh,84500.0
Dodge,Charger,2018,99288,Riyadh,84500.0
Toyota,Hilux,2016,220424,Dammam,62000.0
Toyota,Hilux,2016,131006,Dammam,58000.0
Hyundai,Sonata,2017,109191,Dammam,54000.0
Toyota,Camry,2015,179622,Dammam,48000.0
Toyota,Camry,2015,216902,Dammam,48000.0
Hyundai,Accent,2018,64126,Dammam,32000.0
Hyundai,Accent,2017,112000,Dammam,28500.0
Toyota,Yaris,2016,180000,Dammam,28500.0
Toyota,Yaris,2016,126000,Dammam,28000.0
Hyundai,Accent,2016,159626,Dammam,27500.0
Hyundai,Accent,2015,181802,Dammam,25500.0
Chevrolet,Tahoe,2008,300000,Aseer,35000.0
Toyota,Prado,2003,450000,Riyadh,30000.0
Mitsubishi,Pajero,2016,84000,Dammam,42000.0
Suzuki,Vitara,2020,5900,Jeddah,77500.0
GMC,Yukon,2013,206000,Riyadh,90000.0
Nissan,Juke,2014,225000,Riyadh,26000.0
Dodge,Charger,2016,101000,Dammam,95000.0
Toyota,Yaris,2018,195000,Jeddah,31000.0
Chevrolet,Caprice,2009,200000,Jeddah,70000.0
Toyota,Hilux,2020,24000,Riyadh,120000.0
Honda,Odyssey,2010,260000,Riyadh,33000.0
Dodge,Charger,2016,157136,Riyadh,84500.0
Kia,Cadenza,2017,88331,Riyadh,84500.0
Genesis,G80,2016,165061,Riyadh,85500.0
Hyundai,Sonata,2017,240000,Jeddah,45000.0
Ford,Taurus,2013,353000,Riyadh,39500.0
Hyundai,Elantra,2016,117000,Riyadh,39000.0
Chevrolet,Caprice,2010,283000,Riyadh,33000.0
Ford,Expedition,2014,97000,Riyadh,55000.0
Kia,Cerato,2017,97000,Riyadh,38500.0
GMC,Yukon,2007,359000,Riyadh,38000.0
Toyota,Yaris,2015,204000,Riyadh,27500.0
Kia,Optima,2017,104000,Riyadh,47500.0
Toyota,Ciocca,2012,376000,Riyadh,65000.0
Nissan,X-Trail,2018,30000,Riyadh,68000.0
Toyota,Furniture,2015,70000,Riyadh,79000.0
Toyota,Avalon,2015,249000,Riyadh,76000.0
Mazda,6,2017,91000,Riyadh,56000.0
Toyota,Camry,2017,209000,Riyadh,57000.0
Ford,Taurus,2014,322000,Riyadh,47500.0
Kia,Rio,2016,270000,Riyadh,25000.0
Mazda,CX9,2014,289000,Riyadh,50000.0
Hyundai,Accent,2017,138000,Riyadh,31000.0
Ford,Expedition,2013,300000,Riyadh,49500.0
Nissan,Sentra,2018,143000,Riyadh,38000.0
Toyota,Rav4,2018,56000,Riyadh,71000.0
Toyota,Corolla,2016,138000,Riyadh,46000.0
Kia,Cerato,2018,127000,Riyadh,41500.0
Hyundai,Accent,2017,103000,Riyadh,31000.0
Hyundai,Kona,2020,3109,Riyadh,89000.0
Toyota,Furniture,2019,100665,Riyadh,88500.0
Ford,Expedition,2016,70263,Riyadh,89000.0
Hyundai,Accent,2017,109000,Riyadh,31000.0
Hyundai,Elantra,2017,96000,Riyadh,43000.0
Nissan,Sentra,2016,188000,Riyadh,32000.0
Toyota,Aurion,2009,373000,Riyadh,33500.0
Toyota,Rav4,2018,153000,Riyadh,66000.0
Toyota,Coaster,2008,323000,Riyadh,46000.0
Honda,Accord,2014,59000,Riyadh,72000.0
Geely,X7,2019,32000,Riyadh,59500.0
Honda,Accord,2014,202000,Riyadh,54000.0
Hyundai,Elantra,2017,156000,Riyadh,40000.0
Chrysler,C200,2016,163000,Riyadh,42000.0
Toyota,Camry,2016,268000,Riyadh,58000.0
Kia,Optima,2015,156000,Riyadh,36000.0
Hyundai,Elantra,2017,156000,Riyadh,40000.0
Toyota,Rav4,2018,82000,Riyadh,71000.0
Toyota,Rav4,2018,163000,Riyadh,69500.0
Toyota,Hiace,2017,81000,Riyadh,79000.0
Kia,Carnival,2015,89000,Riyadh,38000.0
Nissan,Sylvian Bus,2002,37000,Riyadh,42000.0
Toyota,Coaster,2008,323000,Riyadh,46500.0
Renault,Dokker,2016,122000,Riyadh,21500.0
Toyota,Rav4,2018,173000,Riyadh,69500.0
INFINITI,FX,2012,235000,Jeddah,59500.0
Kia,Soul,2014,157000,Riyadh,30000.0
Hyundai,Sonata,2020,44590,Riyadh,89500.0
Toyota,Hilux,2018,94458,Riyadh,91500.0
Honda,Accord,2018,53146,Riyadh,91500.0
Genesis,G80,2018,52329,Riyadh,93500.0
Chevrolet,Aveo,2016,56000,Riyadh,22000.0
Hyundai,Accent,2017,166000,Riyadh,29500.0
Nissan,Datsun,2016,151000,Riyadh,37000.0
Ford,Taurus,2015,113220,Jeddah,82500.0
MINI,Copper,2016,104000,Jeddah,88500.0
Audi,A8,2013,130000,Riyadh,91000.0
MINI,Copper,2016,105000,Jeddah,65500.0
Kia,Cerato,2017,78000,Al-Ahsa,37500.0
Kia,Cerato,2016,62000,Khobar,29750.0
Toyota,Yaris,2017,50000,Riyadh,33000.0
Ford,Taurus,2010,258000,Riyadh,35000.0
Toyota,Yaris,2018,114000,Jeddah,32000.0
Lexus,RX,2016,121000,Dammam,130000.0
GMC,Sierra,2016,450000,Dammam,71000.0
Toyota,Camry,2000,4000,Makkah,10000.0
Honda,Accord,2017,43925,Riyadh,93000.0
Toyota,Land Cruiser Pickup,2016,243038,Riyadh,93500.0
Toyota,Furniture,2020,76192,Riyadh,93500.0
Nissan,Sunny,2018,75000,Al-Medina,29000.0
Cadillac,CT-S,2012,70000,Riyadh,50000.0
Chevrolet,Impala,2019,53000,Qassim,80000.0
Toyota,FJ,2017,114000,Qassim,115000.0
Land Rover,Range Rover,2015,103000,Qassim,225000.0
Chrysler,C300,2008,212000,Dammam,12500.0
Toyota,Hilux,2016,161000,Arar,68000.0
Mitsubishi,Pajero,2016,75000,Jeddah,70000.0
Cadillac,Fleetwood,1990,109000,Al-Ahsa,48000.0
Honda,Pilot,2016,103000,Jeddah,85000.0
Mazda,3,2015,186000,Jeddah,28000.0
Mercury,Milan,2010,194000,Taef,27000.0
Toyota,Hilux,2018,75335,Riyadh,78000.0
Toyota,Corolla,2020,81000,Jeddah,55000.0
Honda,Odyssey,2015,143000,Dammam,74000.0
Ford,Taurus,2018,65000,Dammam,76000.0
Hyundai,Sonata,2017,130000,Makkah,40000.0
Ford,Taurus,2014,269177,Jazan,60000.0
GMC,Yukon,2013,157000,Al-Baha,72000.0
Land Rover,Range Rover,2020,4200,Qassim,290000.0
Nissan,VTC,2016,307801,Riyadh,99000.0
Toyota,Camry,2019,13136,Riyadh,99500.0
GMC,Sierra,2016,205544,Riyadh,99500.0
Toyota,Furniture,2021,16444,Riyadh,104500.0
Ford,Expedition,2014,120000,Dammam,65000.0
GMC,Yukon,2015,39000,Aseer,145000.0
Isuzu,Dyna,2013,300000,Dammam,85000.0
Jeep,Wrangler,2018,32000,Jeddah,129000.0
Toyota,Hilux,2018,16700,Riyadh,72000.0
Ford,Taurus,2015,90000,Dammam,67000.0
Nissan,Sunny,2019,89000,Al-Medina,29000.0
Toyota,Land Cruiser,2015,83000,Dammam,160000.0
Kia,Carnival,2020,200,Jeddah,106000.0
Mazda,6,2014,232000,Al-Medina,38000.0
Chevrolet,Malibu,2013,168000,Makkah,22000.0
Hyundai,Elantra,2011,337000,Jeddah,10000.0
Toyota,Hilux,2005,533000,Riyadh,25000.0
GMC,Sierra,1992,445000,Riyadh,8000.0
Hyundai,Tucson,2016,72000,Riyadh,54000.0
Toyota,Corolla,2009,480000,Riyadh,15000.0
Hyundai,Senta fe,2014,11111,Riyadh,49000.0
Ford,Expedition,2016,89531,Riyadh,104500.0
Chevrolet,Caprice,2014,35481,Riyadh,106500.0
Toyota,Avalon,2017,104159,Riyadh,106500.0
Chevrolet,Tahoe,2017,136517,Jeddah,107000.0
Ford,Expedition,2014,75000,Riyadh,60000.0
Mercedes,S,2016,60000,Dammam,210000.0
Ford,Edge,2013,240000,Riyadh,35000.0
Mazda,CX9,2015,314000,Riyadh,59000.0
Toyota,Camry,2017,135000,Dammam,73000.0
Audi,Q5,2018,17000,Jeddah,138000.0
Hyundai,Tucson,2016,97000,Al-Medina,63000.0
Nissan,Datsun,2015,77000,Jeddah,53000.0
Toyota,Land Cruiser,2013,276000,Dammam,131000.0
Hyundai,Accent,2019,25000,Al-Medina,39000.0
GMC,Yukon,2003,222000,Riyadh,27000.0
Toyota,Prado,2018,74000,Khobar,150000.0
Porsche,Cayman,2015,120000,Dammam,155000.0
Land Rover,Range Rover,2020,65000,Riyadh,435000.0
Toyota,Rav4,2015,129000,Dammam,55000.0
Toyota,Innova,2017,135000,Jeddah,58000.0
BMW,The 7,2015,110000,Jeddah,107000.0
Ford,Taurus,2019,32714,Riyadh,109000.0
Toyota,Land Cruiser 70,2018,86852,Riyadh,109000.0
Kia,Cadenza,2021,32031,Riyadh,111500.0
Porsche,Macan,2016,86000,Dammam,158000.0
Hyundai,Sonata,2018,97000,Al-Medina,65000.0
GMC,Yukon,2015,320000,Aseer,120000.0
Honda,Accord,2005,300000,Jeddah,11000.0
Mercedes,C,2019,15000,Dammam,175000.0
Jeep,Compass,2014,217000,Jeddah,25000.0
Toyota,Ciocca,2016,390000,Al-Medina,90000.0
Nissan,Patrol,2014,158000,Riyadh,110000.0
Mercedes,A,2020,4700,Dammam,165000.0
Mercedes,S,2017,53000,Riyadh,260000.0
Ford,Expedition,2013,195000,Jeddah,70000.0
Ford,Edge,2013,317125,Makkah,32000.0
Land Rover,Range Rover,2016,122000,Jeddah,176000.0
Hyundai,Senta fe,2017,147000,Makkah,65000.0
Renault,Fluence,2015,93470,Riyadh,23000.0
Peugeot,Boxer,2016,287000,Riyadh,59000.0
Chevrolet,Camaro,2017,99000,Dammam,109000.0
Toyota,Land Cruiser,2007,315000,Dammam,63000.0
Lexus,LX,2017,161000,Dammam,290000.0
Nissan,Sunny,2018,97000,Dammam,28000.0
Honda,Accord,2017,46179,Riyadh,111500.0
Ford,Explorer,2016,76677,Riyadh,111500.0
Chevrolet,Suburban,2015,198506,Riyadh,111500.0
Nissan,Patrol,2015,219175,Riyadh,113500.0
Dodge,Charger,2013,198000,Al-Medina,42000.0
Porsche,911,2005,37000,Dammam,350000.0
Honda,Odyssey,2009,200000,Dammam,38000.0
Honda,Odyssey,2012,178000,Riyadh,32000.0
Ford,Taurus,2015,104000,Dammam,72000.0
Kia,Picanto,2017,141000,Al-Medina,22500.0
Hyundai,Accent,2018,199000,Dammam,31000.0
Cadillac,ATS,2018,78000,Riyadh,85000.0
Toyota,Rav4,2017,148000,Jeddah,80000.0
Toyota,Land Cruiser,2019,82808,Qassim,230000.0
Mazda,6,2019,108000,Qassim,75000.0
Hyundai,Accent,2017,200000,Dammam,30000.0
Chevrolet,Tahoe,2016,144000,Al-Ahsa,112000.0
GMC,Yukon,2014,36000,Al-Ahsa,95000.0
Nissan,Datsun,2007,432000,Al-Medina,27000.0
Kia,Rio,2014,78000,Dammam,24000.0
Toyota,Prado,2016,192901,Riyadh,114500.0
Ford,Explorer,2015,105407,Riyadh,115000.0
Toyota,Land Cruiser 70,2019,131592,Riyadh,116000.0
Toyota,Furniture,2019,73909,Riyadh,116500.0
Dodge,Charger,2019,70910,Riyadh,116500.0
Chevrolet,Tahoe,2016,131929,Riyadh,116500.0
Genesis,G70,2018,86867,Riyadh,116500.0
Toyota,Furniture,2020,11571,Riyadh,116500.0
Ford,Explorer,2016,131000,Dammam,113000.0
Dodge,Charger,2017,101000,Dammam,107000.0
Lexus,RX,2016,81000,Dammam,154000.0
Chevrolet,Silverado,2016,112000,Dammam,92000.0
Chevrolet,Tahoe,2011,266000,Dammam,56000.0
Ford,Taurus,2015,117000,Dammam,69000.0
Ford,Taurus,2018,88000,Dammam,95000.0
Toyota,Prado,2018,19000,Dammam,143000.0
Chevrolet,Tahoe,2018,127000,Dammam,155000.0
Toyota,Furniture,2017,102000,Jeddah,116500.0
Toyota,Furniture,2019,82496,Riyadh,119500.0
Toyota,Prado,2018,179858,Riyadh,121500.0
Toyota,FJ,2017,100329,Riyadh,121500.0
Classic,Cadillac,1995,119000,Riyadh,25000.0
Ford,Explorer,2016,151000,Dammam,106000.0
Mercury,Grand Marquis,2007,179000,Al-Medina,24000.0
Ford,Explorer,2010,244000,Al-Medina,17500.0
Nissan,Patrol,2013,200000,Tabouk,80000.0
Hyundai,Azera,2016,350000,Riyadh,41000.0
Lexus,GX,2015,137000,Jeddah,133000.0
Toyota,Rav4,2021,5000,Jeddah,103000.0
Hummer,H3,2009,200000,Al-Ahsa,38000.0
Toyota,Hilux,2017,168000,Al-Jouf,81000.0
Ford,Victoria,2003,500000,Aseer,13000.0
Ford,Expedition,2007,241271,Tabouk,25000.0
Jeep,Grand Cherokee,2017,102000,Dammam,99000.0
Chevrolet,Tahoe,2016,114344,Riyadh,121500.0
Genesis,G80,2019,35449,Riyadh,121500.0
Toyota,Land Cruiser Pickup,2018,81499,Riyadh,123000.0
Lexus,ES,2018,35080,Riyadh,123500.0
Dodge,Charger,2018,38000,Jeddah,90000.0
Toyota,Yaris,2019,50000,Jeddah,35000.0
Chevrolet,Tahoe,2016,194000,Dammam,108000.0
Hyundai,Tucson,2016,230000,Riyadh,50000.0
Toyota,Yaris,2015,185000,Jeddah,15000.0
Mercedes,C,2015,187000,Riyadh,94000.0
Lexus,LX,2012,394000,Riyadh,136000.0
Toyota,FJ,2016,208000,Dammam,100000.0
Toyota,FJ,2016,130000,Jeddah,100000.0
Hyundai,H1,2014,146000,Jeddah,40000.0
Ford,Mustang,2007,300000,Jeddah,28000.0
Hyundai,Accent,2011,230000,Jeddah,15000.0
Toyota,Land Cruiser Pickup,2012,333000,Riyadh,65000.0
Hyundai,Senta fe,2020,3773,Riyadh,124500.0
Toyota,Prado,2017,67357,Riyadh,126000.0
Lexus,GS,2016,216158,Riyadh,126500.0
Mercedes,CLA,2017,80273,Riyadh,126500.0
Hyundai,Sonata,2017,171000,Riyadh,43000.0
Jeep,Grand Cherokee,2011,266000,Al-Ahsa,36000.0
Toyota,Land Cruiser,1993,196671,Al-Medina,30000.0
Changan,CS35,2021,5000,Riyadh,44000.0
BMW,The 5,2015,89000,Jeddah,80000.0
Ford,Taurus,2011,22000,Taef,50000.0
Lexus,LX,2018,90000,Jeddah,350000.0
Toyota,Tundra,2015,330000,Qassim,107000.0
Toyota,Land Cruiser,2007,564000,Qassim,43000.0
Ford,F150,2019,22000,Qassim,110000.0
GMC,Envoy,2005,500000,Makkah,20000.0
Toyota,Furniture,2021,980,Tabouk,120000.0
GMC,Sierra,2020,15800,Riyadh,150000.0
Lexus,RX,2015,80885,Jeddah,126500.0
BMW,The 4,2015,88335,Riyadh,126500.0
Chrysler,C300,2018,70276,Riyadh,126500.0
GMC,Yukon,2017,148450,Riyadh,128500.0
Lexus,GS,2019,62000,Riyadh,170000.0
Ford,Explorer,2017,150000,Dammam,73000.0
Honda,Accord,2009,235000,Riyadh,25000.0
Kia,K5,2021,12000,Al-Ahsa,94000.0
MG,5,2020,15000,Yanbu,41000.0
Cadillac,Escalade,2020,5000,Riyadh,280000.0
Chevrolet,Tahoe,2012,326000,Jubail,47000.0
Ford,Marquis,2005,270000,Jeddah,15000.0
Kia,Cerato,2014,175000,Dammam,25000.0
Mazda,6,2016,88350,Jeddah,50000.0
Ford,Explorer,2014,90000,Jeddah,58000.0
Ford,Victoria,2008,3666,Al-Ahsa,16000.0
Toyota,Land Cruiser,2012,180000,Al-Jouf,110000.0
Toyota,Prius,2017,50000,Qassim,54900.0
Mercedes,E,2016,121929,Riyadh,128500.0
Mercedes,CLA,2016,103657,Riyadh,130000.0
GMC,Sierra,2018,181313,Riyadh,131500.0
GMC,Sierra,2020,16498,Riyadh,131500.0
Ford,Taurus,2015,203000,Riyadh,55000.0
Hyundai,Elantra,2017,237000,Riyadh,42000.0
Mercedes,C,2013,109000,Jeddah,59500.0
Volkswagen,Passat,2015,90000,Jeddah,55000.0
Toyota,Furniture,2020,21373,Riyadh,132000.0
Toyota,Furniture,2020,20406,Riyadh,132000.0
Toyota,Furniture,2020,20880,Riyadh,132500.0
Mercedes,ML,2005,356000,Makkah,19000.0
Lincoln,Navigator,2013,27700,Khobar,50000.0
Chrysler,C300,2008,212000,Riyadh,12500.0
Toyota,Furniture,2010,317000,Riyadh,43000.0
Hyundai,Accent,2018,41000,Riyadh,34000.0
Toyota,Camry,2014,83000,Riyadh,40500.0
Chevrolet,Lumina,2005,92000,Qassim,17500.0
Mazda,6,2014,149000,Jeddah,45000.0
Toyota,Avanza,2018,57000,Jeddah,46000.0
Toyota,Corolla,2016,139000,Jeddah,38000.0
Ford,Expedition,2016,197000,Riyadh,80000.0
BMW,The 5,2019,38000,Jeddah,140000.0
Chevrolet,Tahoe,2017,136000,Jeddah,108000.0
BMW,The 7,2015,110000,Jeddah,105000.0
Toyota,Innova,2018,87000,Jeddah,70000.0
Toyota,Innova,2018,91440,Jeddah,68000.0
Toyota,Land Cruiser,2014,212458,Riyadh,136500.0
Toyota,FJ,2021,4893,Riyadh,136500.0
Toyota,Hilux,2018,83339,Riyadh,136500.0
BMW,The 5,2019,49528,Jeddah,138000.0
Toyota,Yaris,2018,93000,Jeddah,35000.0
Toyota,Hilux,2018,218000,Jubail,78000.0
Toyota,Hilux,2017,146000,Jubail,72000.0
Mazda,6,2019,143000,Jubail,68000.0
Toyota,Coaster,2012,136000,Jubail,55000.0
Toyota,Coaster,2012,86000,Jubail,55000.0
Toyota,Camry,2015,192000,Jubail,38500.0
Mitsubishi,Osa Bus,2004,224000,Jubail,35000.0
Toyota,Hiace,2012,126000,Jubail,35000.0
Toyota,Aurion,2010,342000,Jubail,30000.0
Kia,Rio,2016,103000,Jubail,27000.0
Toyota,Land Cruiser,2006,247000,Al-Medina,55000.0
Chevrolet,Tahoe,2007,374000,Riyadh,32000.0
Toyota,Hilux,2018,88000,Dammam,79500.0
Hyundai,Sonata,2016,96400,Riyadh,49000.0
Toyota,Furniture,2017,176000,Makkah,55000.0
Jeep,Grand Cherokee,2015,215000,Al-Medina,65000.0
Toyota,Hilux,2021,4500,Aseer,162000.0
Chevrolet,Tahoe,2019,81833,Riyadh,138500.0
Toyota,Land Cruiser Pickup,2019,58428,Riyadh,138500.0
Lexus,ES,2017,86000,Riyadh,140000.0
Audi,Q5,2018,17859,Jeddah,141000.0
Toyota,Camry,2017,63000,Dammam,63000.0
Kia,Cadenza,2020,5000,Jeddah,108000.0
Changan,CS95,2019,47000,Jeddah,77000.0
Hyundai,Elantra,2020,10000,Jeddah,63000.0
Hyundai,Elantra,2019,16000,Jeddah,57000.0
BYD,F3,2020,60000,Al-Medina,28000.0
Chevrolet,Cruze,2017,101000,Dammam,30000.0
Chevrolet,Suburban,2015,201000,Dammam,105000.0
Honda,Other,2011,4200,Jeddah,6500.0
Chevrolet,Silverado,2018,57000,Dammam,89000.0
Chevrolet,Suburban,2013,283000,Dammam,69000.0
Ford,Fusion,2015,98000,Dammam,45000.0
GMC,Yukon,2021,3700,Aseer,310000.0
Audi,A5,2011,218000,Al-Medina,40000.0
Toyota,Camry,2014,225000,Jeddah,48000.0
Chevrolet,Traverse,2020,22800,Al-Medina,100000.0
Kia,Optima,2017,130000,Riyadh,48000.0
Land Rover,Range Rover,2008,240000,Jeddah,35000.0
BMW,The 7,2006,220000,Jeddah,26000.0
Chevrolet,Traverse,2010,219000,Jeddah,22000.0
Ford,Taurus,2010,117000,Dammam,29500.0
Mazda,CX9,2020,44001,Riyadh,144500.0
GMC,Yukon,2018,133634,Riyadh,146500.0
GMC,Yukon,2018,101960,Riyadh,146500.0
Hyundai,Sonata,2019,110900,Riyadh,57000.0
Nissan,Sentra,2016,96000,Riyadh,31000.0
Hyundai,Accent,2020,21000,Hail,47000.0
Hyundai,Accent,2016,147000,Dammam,24000.0
Lexus,LX,2014,160000,Dammam,188000.0
Hyundai,Sonata,2018,90000,Riyadh,57000.0
Kia,Sportage,2018,93000,Riyadh,54000.0
Hyundai,Accent,2017,102000,Dammam,27500.0
Ford,Taurus,2017,72000,Dammam,65000.0
Ford,Taurus,2013,128000,Dammam,45000.0
Chevrolet,Tahoe,2015,189000,Dammam,130000.0
Toyota,FJ,2017,265000,Dammam,110000.0
Toyota,Land Cruiser,2020,30000,Dammam,305000.0
Toyota,Corolla,2018,124000,Khobar,40000.0
Hyundai,Sonata,2018,63000,Tabouk,60000.0
Chevrolet,Tahoe,2016,230000,Riyadh,97000.0
Honda,Accord,2017,104000,Dammam,79000.0
Nissan,VTC,2014,207000,Dammam,65000.0
GMC,Yukon,2018,82469,Riyadh,146500.0
Maserati,Gamble,2016,102133,Jeddah,146500.0
GMC,Yukon,2018,92736,Riyadh,146500.0
Bentley,Flying Spur,2014,41000,Dammam,330000.0
Toyota,Yaris,2014,201000,Riyadh,23000.0
Toyota,Furniture,2011,325000,Riyadh,32000.0
Chevrolet,Silverado,2019,77000,Khobar,185000.0
BMW,The 5,2019,29900,Jeddah,150000.0
BMW,The 3,2011,74000,Jeddah,35000.0
Isuzu,Dyna,2016,420000,Riyadh,104000.0
Ford,Taurus,2015,92000,Dammam,72000.0
Toyota,Corolla,2017,98696,Dammam,45000.0
Toyota,Furniture,2015,141000,Dammam,85000.0
Chevrolet,Lumina,2006,306000,Khobar,9000.0
Ford,Victoria,2011,318000,Al-Medina,30000.0
Ford,Fusion,2016,99200,Dammam,45000.0
Dodge,Charger,2019,76000,Qassim,102000.0
Mercedes,CLS,2014,88000,Jeddah,110000.0
GMC,Yukon,2016,230000,Dammam,118000.0
Toyota,FJ,2016,193000,Dammam,110000.0
Land Rover,Range Rover,2015,113000,Dammam,100000.0
Genesis,Royal,2015,148000,Dammam,68000.0
Chevrolet,Tahoe,2012,300000,Dammam,48000.0
GMC,Yukon,2008,189000,Dammam,45000.0
GMC,Yukon,2018,82011,Riyadh,146500.0
GMC,Yukon,2018,68878,Riyadh,146500.0
GMC,Yukon,2018,87656,Riyadh,146500.0
Toyota,Land Cruiser Pickup,2021,7456,Riyadh,146500.0
Nissan,VTC,2009,54000,Dammam,42000.0
Nissan,Pathfinder,2014,367000,Dammam,37000.0
Toyota,Land Cruiser Pickup,2020,18000,Dammam,140000.0
Toyota,Land Cruiser,2014,220000,Dammam,135000.0
Toyota,Land Cruiser,2016,220000,Dammam,130000.0
Toyota,Land Cruiser Pickup,2016,214000,Dammam,100000.0
Toyota,Land Cruiser,2011,360000,Dammam,97000.0
Toyota,Land Cruiser Pickup,2016,223000,Dammam,95000.0
Toyota,Ciocca,2016,235000,Dammam,86000.0
GMC,Sierra,2015,167000,Dammam,77000.0
Toyota,Hilux,2016,155100,Dammam,77000.0
Toyota,Land Cruiser,2007,480000,Dammam,65000.0
Toyota,Land Cruiser,2004,440000,Dammam,65000.0
Ford,Expedition,2014,320000,Dammam,55000.0
Chevrolet,Caprice,2013,190000,Dammam,50000.0
GMC,Yukon,2009,440000,Dammam,45000.0
Nissan,Datsun,2016,125000,Dammam,45000.0
Mitsubishi,L200,2016,77000,Dammam,38000.0
Ford,Victoria,2012,220000,Dammam,35000.0
Hyundai,Elantra,2016,150000,Riyadh,47000.0
Ford,Victoria,2010,267488,Riyadh,32000.0
Toyota,Corolla,2017,28000,Riyadh,44000.0
Isuzu,D-MAX,2007,570000,Dammam,27000.0
Nissan,Sunny,2018,52000,Riyadh,31000.0
Hyundai,Accent,2018,135000,Dammam,30000.0
Mazda,CX9,2020,21367,Riyadh,148500.0
Toyota,Land Cruiser,2013,222816,Riyadh,153500.0
Toyota,Land Cruiser,2015,143203,Riyadh,156500.0
Kia,Picanto,2017,148000,Jeddah,20000.0
Dodge,Challenger,2013,278000,Al-Ahsa,45000.0
Lexus,LX,2012,309000,Makkah,150000.0
BMW,The 7,2018,12500,Jubail,250000.0
Subaru,Forester,2009,220000,Jeddah,25000.0
Toyota,Land Cruiser,2019,20000,Riyadh,181000.0
Toyota,Hiace,2018,108000,Riyadh,110000.0
Toyota,Prado,2016,168000,Riyadh,109000.0
Chevrolet,Malibu,2017,117000,Riyadh,45000.0
Toyota,Land Cruiser,2019,50000,Riyadh,188500.0
Mazda,CX5,2020,4000,Riyadh,83500.0
Ford,Explorer,2011,226185,Riyadh,31000.0
Chevrolet,Suburban,2016,174000,Dammam,103000.0
Toyota,Land Cruiser,2016,122000,Dammam,200000.0
Nissan,Sentra,2016,113000,Riyadh,31000.0
Toyota,Land Cruiser,2019,30000,Riyadh,194500.0
Mercedes,E,2019,109007,Jeddah,160000.0
BMW,X,2016,130341,Riyadh,161500.0
Nissan,Patrol,2017,31538,Riyadh,161500.0
Toyota,Land Cruiser,2017,127453,Riyadh,166500.0
Hyundai,Sonata,2015,284000,Jeddah,39500.0
Mazda,3,2018,47000,Al-Medina,54000.0
Chevrolet,Caprice,1990,92000,Al-Ahsa,44000.0
Ford,Taurus,2010,254000,Khobar,35000.0
Toyota,Prado,2018,80000,Dammam,142000.0
Dodge,Charger,2016,100000,Dammam,109000.0
Mercedes,C,2015,90000,Dammam,107000.0
Ford,Taurus,2015,121000,Dammam,81000.0
Lexus,IS,2015,132000,Dammam,106000.0
Chevrolet,Malibu,2016,105000,Dammam,47000.0
GMC,Yukon,2012,177000,Dammam,75000.0
Ford,Taurus,2015,135000,Dammam,74000.0
Chevrolet,Tahoe,2016,110000,Dammam,144000.0
Isuzu,D-MAX,2018,39000,Riyadh,72000.0
Mercedes,E,2017,58000,Dammam,177000.0
Lexus,LX,2021,1700,Riyadh,498000.0
Lexus,LS,2020,2900,Riyadh,325000.0
Toyota,Land Cruiser,2019,71000,Riyadh,200000.0
Ford,Echo Sport,2021,1900,Riyadh,55000.0
Ford,Echo Sport,2021,4600,Riyadh,55000.0
Toyota,Land Cruiser,2021,4000,Riyadh,225000.0
Land Rover,Range Rover,2020,17000,Riyadh,428000.0
Ford,Echo Sport,2020,2400,Riyadh,55000.0
Toyota,Land Cruiser,2017,100000,Riyadh,210000.0
Mercedes,C,2017,81597,Riyadh,169500.0
Toyota,Land Cruiser,2017,125188,Riyadh,171500.0
Toyota,Land Cruiser,2015,153281,Riyadh,171500.0
Ford,Echo Sport,2020,3000,Riyadh,55000.0
Hyundai,Accent,2019,78000,Dammam,40000.0
Other,Other,2019,24643,Qassim,330000.0
Ford,Mustang,2016,92000,Dammam,129000.0
Toyota,Hiace,2016,264000,Dammam,65000.0
Lexus,GX,2018,53189,Riyadh,179000.0
Lexus,RX,2016,69070,Jeddah,180000.0
GMC,Yukon,2020,19348,Riyadh,186500.0
Lexus,RX,2017,59073,Riyadh,186500.0
Lexus,ES,2014,121000,Dammam,90000.0
MG,360,2018,50000,Riyadh,26500.0
Chevrolet,Blazer,2017,115000,Khobar,63000.0
Toyota,Hiace,2016,146000,Qassim,55000.0
GMC,Sierra,2020,24000,Jeddah,135000.0
Toyota,Hilux,2017,73000,Dammam,72000.0
Changan,Seven,2020,37000,Riyadh,28000.0
Ford,Taurus,2012,327000,Dammam,35000.0
Ford,Flex,2016,183000,Al-Ahsa,60000.0
Suzuki,Jimny,2010,93000,Riyadh,14000.0
Suzuki,Jimny,2013,35700,Riyadh,16000.0
Lexus,ES,2013,239000,Makkah,65000.0
Ford,Taurus,2015,100000,Dammam,79000.0
Mercedes,C,2016,84000,Dammam,129000.0
Ford,Taurus,2015,112000,Dammam,81000.0
Dodge,Charger,2020,9120,Riyadh,115000.0
Toyota,Land Cruiser,2020,560,Riyadh,191500.0
BMW,The 7,2019,49000,Jeddah,194000.0
Land Rover,Range Rover,2015,94000,Dammam,96000.0
Hyundai,Sonata,2016,258000,Al-Ahsa,38000.0
Lexus,ES,2021,1300,Jeddah,175000.0
Chevrolet,Caprice,2009,211000,Riyadh,40000.0
Jaguar,XJ,2016,38000,Jeddah,155000.0
Mercedes,S,2008,190000,Aseer,65000.0
Toyota,Hilux,2018,27000,Jeddah,88000.0
Toyota,Hilux,2019,23000,Jeddah,90000.0
Hyundai,Sonata,2018,134000,Riyadh,48000.0
Mercedes,C,2016,120000,Riyadh,114000.0
Lexus,ES,2007,240000,Khobar,24000.0
Toyota,Hilux,2016,320000,Riyadh,65000.0
Toyota,Land Cruiser,2019,106665,Jeddah,205000.0
Toyota,Land Cruiser,2018,124226,Riyadh,206500.0
Lexus,LX,2015,108478,Riyadh,211500.0
Lexus,LS,2020,27000,Riyadh,360000.0
Nissan,Patrol,2014,25000,Riyadh,115000.0
Toyota,Land Cruiser,2021,3000,Al-Jouf,260000.0
Toyota,Yaris,2017,137200,Jeddah,32000.0
Mitsubishi,Attrage,2021,900,Riyadh,37000.0
GMC,Yukon,2008,440000,Dammam,28000.0
Toyota,Hiace,2016,203000,Aseer,58000.0
Toyota,Hilux,2019,122000,Aseer,75000.0
Ford,Taurus,2012,166000,Hail,30000.0
Nissan,Datsun,2015,108500,Riyadh,27500.0
Nissan,Datsun,2015,205000,Dammam,30000.0
Chevrolet,Tahoe,2013,300000,Jeddah,48000.0
Lifan,LF X60,2016,128000,Jeddah,25000.0
Toyota,Corolla,2014,275000,Jeddah,25000.0
Toyota,Land Cruiser,2021,5352,Riyadh,216500.0
Toyota,Land Cruiser,2016,68534,Riyadh,224500.0
Toyota,Land Cruiser,2021,4780,Riyadh,226500.0
Mercedes,S,2016,95061,Riyadh,236500.0
Toyota,Innova,2016,179600,Dammam,51000.0
Mitsubishi,Pajero,2016,144624,Riyadh,47000.0
Kia,Rio,2017,147000,Jeddah,26000.0
Toyota,Innova,2015,195000,Riyadh,52000.0
Toyota,Land Cruiser,2011,273392,Riyadh,100000.0
Chrysler,Town and Country,2005,250000,Riyadh,12000.0
Toyota,Land Cruiser,2011,349266,Riyadh,100000.0
Lexus,LX,2006,390000,Riyadh,74000.0
Toyota,Land Cruiser,2015,215000,Riyadh,146000.0
Chrysler,C300,2005,331000,Dammam,15000.0
Mercedes,E,2014,161000,Dammam,95000.0
Nissan,Maxima,2006,400000,Jeddah,10000.0
Mazda,CX9,2019,48000,Makkah,120000.0
BMW,The 7,2010,205000,Riyadh,45000.0
Toyota,Furniture,2009,530500,Taef,33000.0
Nissan,Pathfinder,2013,260000,Abha,45000.0
Nissan,Patrol,2020,42835,Riyadh,241500.0
Land Rover,Range Rover,2016,132501,Riyadh,245000.0
Toyota,Land Cruiser,2016,1918,Jeddah,251500.0
Land Rover,Range Rover,2016,120346,Riyadh,257000.0
Chevrolet,Lumina,2004,280000,Riyadh,12500.0
Toyota,Hiace,2007,230000,Jeddah,25000.0
Hyundai,Accent,2016,74000,Dammam,30000.0
Lexus,LS,1997,361000,Riyadh,12000.0
Chevrolet,Caprice,2013,313000,Riyadh,35000.0
Mercedes,S,2020,19700,Dammam,395000.0
Ford,Expedition,2013,21700,Dammam,35000.0
Dodge,Durango,2013,275000,Tabouk,40000.0
Ford,Expedition,2016,127500,Jeddah,79000.0
Toyota,Innova,2013,201000,Riyadh,36000.0
Ford,Other,2013,318000,Riyadh,40000.0
Nissan,Navara,2015,119000,Al-Namas,45000.0
Toyota,Previa,2015,218000,Riyadh,45000.0
Jeep,Wrangler,2014,88000,Makkah,89000.0
MG,5,2020,7000,Tabouk,34000.0
Cadillac,Escalade,2019,58678,Riyadh,261500.0
Land Rover,Range Rover,2016,102522,Riyadh,267000.0
Toyota,Land Cruiser,2021,3549,Riyadh,286500.0
Toyota,Land Cruiser,2020,14598,Riyadh,289500.0
Chevrolet,Tahoe,2014,205000,Dammam,70000.0
Toyota,Land Cruiser,2018,141197,Riyadh,195000.0
HAVAL,H6,2019,62000,Riyadh,55000.0
Hyundai,Sonata,2018,90000,Jeddah,55000.0
Chevrolet,Malibu,2020,62000,Abha,57000.0
Ford,Van,2013,186000,Tabouk,45000.0
Mitsubishi,Pajero,2015,54000,Jeddah,70000.0
Toyota,Rav4,2018,72000,Jeddah,95000.0
GMC,Envoy,2009,242000,Jeddah,14250.0
Dodge,Challenger,2014,155000,Riyadh,68000.0
Mercedes,C,2018,57000,Dammam,167000.0
Hyundai,Accent,2018,127000,Dammam,29000.0
Jeep,Patriot,2012,187000,Riyadh,28500.0
Chevrolet,Tahoe,2013,362000,Jeddah,58000.0
Toyota,Camry,2013,300000,Riyadh,35000.0
Toyota,Hilux,2018,130000,Dammam,80000.0
Ford,F150,2019,13339,Riyadh,291500.0
Lexus,LX,2019,41142,Riyadh,381000.0
Land Rover,Range Rover,2019,49626,Riyadh,401500.0
Nissan,Patrol,2016,50000,Dammam,150000.0
Honda,Accord,2016,15000,Qassim,65000.0
Ford,F150,2013,299000,Dammam,36000.0
Toyota,Land Cruiser Pickup,2015,157000,Dammam,90000.0
Mercedes,S,2016,70000,Dammam,290000.0
GMC,Sierra,2011,165000,Dammam,65000.0
Mercedes,GL,2014,159000,Dammam,140000.0
Mercedes,S,2015,99000,Dammam,255000.0
Mercedes,S,2014,138000,Dammam,260000.0
Hyundai,Elantra,2016,141000,Dammam,36000.0
Porsche,Panamera,2018,26000,Dammam,330000.0
Land Rover,Range Rover,2015,105000,Dammam,190000.0
Nissan,Sunny,2018,94000,Dammam,28500.0
Land Rover,Range Rover,2015,140000,Dammam,245000.0
BMW,The M,2018,1600,Dammam,135000.0
Hyundai,Accent,2017,32000,Dammam,33000.0
Hyundai,Elantra,2016,100000,Dammam,40000.0
Toyota,Rav4,2011,485000,Dammam,32000.0
Toyota,Land Cruiser,2015,180000,Dammam,135000.0
Chevrolet,Suburban,2016,170000,Dammam,100000.0
Bentley,Flying Spur,2010,58000,Dammam,175000.0
Mercedes,S,2016,64000,Dammam,330000.0
Mercedes,G,2015,188000,Dammam,270000.0
Chevrolet,Impala,2016,192000,Dammam,65000.0
Lexus,LX,2020,19131,Riyadh,406500.0
Lexus,LX,2020,12794,Riyadh,431500.0
Land Rover,Range Rover,2018,79858,Riyadh,470000.0
Bentley,Arnage,2020,300,Jeddah,772500.0
Porsche,Cayenne S,2014,118000,Dammam,145000.0
Lexus,LX,2017,8000,Al-Ahsa,325000.0
Toyota,Hilux,2012,127000,Riyadh,65000.0
Jaguar,XJ,2014,112000,Dammam,95000.0
Mitsubishi,ASX,2021,2300,Riyadh,75000.0
Toyota,Corolla,2018,57000,Dammam,45000.0
Jaguar,F Type,2016,42000,Dammam,190000.0
Toyota,Yaris,2018,122000,Dammam,37000.0
Mercedes,S,2011,189000,Al-Medina,100000.0
Toyota,Yaris,2016,190000,Dammam,26000.0
Mercedes,C,2014,270000,Makkah,57000.0
Ford,Taurus,2019,108000,Dammam,97000.0
Honda,Accord,2015,85000,Dammam,69000.0
GMC,Sierra,2015,145000,Riyadh,87500.0
Ford,Taurus,2016,110000,Dammam,75000.0
Ford,Taurus,2016,91000,Dammam,70000.0
GMC,Yukon,2016,158000,Dammam,152000.0
Cadillac,Escalade,2016,119000,Dammam,178000.0
Toyota,Land Cruiser,2016,216000,Riyadh,151000.0
Dodge,Challenger,2018,90000,Dammam,109000.0
INFINITI,Q,2019,5000,Riyadh,90500.0
Toyota,Previa,2017,183000,Riyadh,70000.0
Chevrolet,Impala,2019,58000,Riyadh,65000.0
Lexus,NX,2020,25785,Riyadh,146000.0
Dodge,Charger,2018,89000,Dammam,109000.0
Chevrolet,Impala,2017,79000,Riyadh,63500.0
Mazda,CX5,2020,19928,Riyadh,86500.0
Ford,Mustang,2018,81000,Dammam,119000.0
Chevrolet,Silverado,2016,143000,Dammam,87000.0
GMC,Sierra,2018,95000,Dammam,93000.0
Lexus,IS,2015,94000,Dammam,102000.0
Ford,Taurus,2018,92000,Dammam,93000.0
Kia,Cerato,2016,74000,Dammam,36000.0
Ford,Taurus,2018,118000,Dammam,88000.0
Chevrolet,Tahoe,2018,127000,Dammam,159000.0
Hyundai,H1,2016,76000,Dammam,59000.0
Lexus,IS,2017,90000,Dammam,117000.0
Toyota,Prado,2016,168000,Riyadh,109500.0
Nissan,Altima,2017,105000,Riyadh,35000.0
Toyota,Prado,2018,24000,Riyadh,140000.0
Ford,Explorer,2016,127000,Riyadh,88000.0
Jeep,Cherokee,2019,55000,Riyadh,75000.0
Volkswagen,Golf,2016,111000,Riyadh,65000.0
Toyota,Cressida,1993,25000,Jeddah,15000.0
Nissan,Sunny,2011,182000,Jubail,15000.0
Jeep,Wrangler,2020,17000,Riyadh,185000.0
Kia,Cadenza,2020,5000,Jeddah,108000.0
Hyundai,Azera,2020,39000,Jeddah,99000.0
Changan,CS75,2021,8000,Jeddah,62000.0
Jaguar,F Type,2018,40000,Dammam,235000.0
Mazda,CX9,2020,30877,Jeddah,135000.0
Kia,Sportage,2018,77000,Riyadh,58000.0
Hyundai,Tucson,2016,155000,Dammam,45000.0
Kia,Cerato,2016,89000,Jeddah,40000.0
Mazda,6,2018,71000,Qassim,65000.0
Land Rover,Range Rover,2014,106000,Dammam,250000.0
Lexus,LX,2021,14000,Dammam,445000.0
Mazda,6,2018,71000,Qassim,62000.0
Lexus,UX,2019,45000,Jeddah,130000.0
Land Rover,Range Rover,2016,72000,Makkah,280000.0
Mazda,6,2016,196000,Qassim,50000.0
Nissan,Sentra,2016,93000,Qassim,33000.0
Isuzu,Dyna,2014,460000,Qassim,120000.0
Hyundai,Senta fe,2016,138675,Qassim,60000.0
Chevrolet,Blazer,2008,220000,Jeddah,18000.0
Ford,Expedition,2012,350000,Jeddah,30000.0
Mazda,6,2006,288000,Dammam,11000.0
Hyundai,Coupe S,2010,240000,Najran,25000.0
Mercedes,E,2008,243000,Dammam,25000.0
Jaguar,F-Pace,2019,27000,Riyadh,185000.0
Toyota,Hilux,2016,120000,Qurayyat,60000.0
Mercedes,GLE,2018,21000,Jeddah,272000.0
Lexus,RX,2015,49000,Jeddah,123000.0
Ford,Taurus,2019,26000,Jeddah,84000.0
Hyundai,Tucson,2019,21000,Jeddah,75000.0
Hyundai,Tucson,2018,96000,Jeddah,64000.0
Hyundai,Elantra,2020,44000,Jeddah,61000.0
Kia,Sportage,2019,61000,Jeddah,59000.0
Hyundai,Tucson,2017,124000,Jeddah,58500.0
Hyundai,Sonata,2019,106000,Jeddah,56000.0
Toyota,Camry,2016,164000,Jeddah,51000.0
Hyundai,Elantra,2019,119000,Jeddah,48000.0
Hyundai,Sonata,2017,173000,Jeddah,44000.0
Toyota,Corolla,2018,138000,Jeddah,43000.0
Kia,Optima,2017,116000,Jeddah,42000.0
Hyundai,Accent,2019,44000,Jeddah,39000.0
Hyundai,Elantra,2017,137000,Jeddah,39000.0
Hyundai,Accent,2018,130000,Jeddah,38500.0
Toyota,Yaris,2019,55000,Jeddah,37000.0
Hyundai,Elantra,2017,145000,Jeddah,37000.0
Hyundai,Accent,2019,72000,Jeddah,36500.0
Hyundai,Accent,2019,92000,Jeddah,36000.0
Toyota,Yaris,2018,79000,Jeddah,36000.0
Kia,Rio,2019,85000,Jeddah,35500.0
Toyota,Yaris,2019,80000,Jeddah,35500.0
Toyota,Yaris,2019,86000,Jeddah,35500.0
Kia,Rio,2019,79000,Jeddah,31000.0
Hyundai,Accent,2017,140000,Jeddah,30000.0
Daihatsu,Gran Max,2015,53000,Jeddah,30000.0
Hyundai,Accent,2018,187000,Jeddah,29000.0
Nissan,Sunny,2019,92000,Jeddah,28500.0
Hyundai,Accent,2017,135000,Jeddah,27500.0
Nissan,Sunny,2018,106000,Jeddah,24500.0
Mitsubishi,Attrage,2018,159000,Jeddah,22000.0
Kia,Sportage,2017,53312,Qassim,61000.0
Toyota,Land Cruiser 70,2014,70000,Dammam,69000.0
Cadillac,Escalade,2007,166000,Riyadh,48000.0
Nissan,Sunny,2020,8500,Riyadh,33000.0
Hyundai,Azera,2018,147000,Riyadh,75000.0
Ford,Echo Sport,2020,2819,Dammam,59000.0
Lexus,LS,2018,55000,Dammam,298000.0
Hyundai,Sonata,2018,55000,Riyadh,57000.0
GMC,Yukon,2013,289000,Dammam,55000.0
Toyota,Camry,2018,179000,Dammam,76000.0
Ford,Victoria,2012,318000,Dammam,35000.0
BMW,The 6,2016,39000,Riyadh,190000.0
Toyota,Camry,2010,240000,Dammam,30000.0
Volkswagen,Passat,2013,160000,Jeddah,35000.0
Renault,Fluence,2015,132000,Riyadh,23000.0
Lexus,ES,2008,390000,Dammam,36000.0
Mercedes,E,2019,28000,Riyadh,185000.0
Mercedes,S,2021,2500,Dammam,748000.0
Chrysler,C300,2018,34000,Riyadh,80000.0
Hyundai,Sonata,2016,86234,Qassim,60000.0
GMC,Suburban,1997,20000,Qassim,45000.0
Kia,Optima,2015,72000,Jeddah,43000.0
Kia,Picanto,2015,142000,Al-Medina,18500.0
Peugeot,Boxer,2016,195000,Riyadh,52000.0
Mercedes,S,2018,30000,Dammam,335000.0
Kia,Sorento,2016,51000,Qassim,62000.0
Lexus,LX,2020,38000,Dammam,450000.0
Toyota,Land Cruiser,2021,6711,Riyadh,290000.0
Kia,Cadenza,2011,334624,Makkah,27500.0
Kia,Carnival,2016,120000,Riyadh,70000.0
Kia,Sportage,2016,90000,Qassim,59000.0
Rolls-Royce,Camargue,1990,5000,Dammam,500000.0
Lexus,IS,2016,96000,Dammam,108000.0
HAVAL,H6,2020,9000,Riyadh,70000.0
Land Rover,Range Rover,2015,71500,Riyadh,265000.0
GMC,Suburban,2016,240000,Riyadh,110000.0
Chevrolet,Tahoe,2018,90000,Dammam,128000.0
Toyota,Rush,2019,40000,Jeddah,57000.0
Hyundai,Elantra,2009,4000,Riyadh,11000.0
Toyota,Hilux,2014,217000,Riyadh,37000.0
Mercedes,G,2013,32800,Dammam,375000.0
Toyota,Camry,2017,303000,Dammam,46000.0
Kia,Cadenza,2017,88000,Riyadh,83000.0
Honda,Accord,2019,28000,Qassim,88000.0
Hyundai,Sonata,2017,226000,Riyadh,41000.0
GMC,Yukon,2017,107000,Riyadh,125000.0
Honda,City,2017,92000,Dammam,28000.0
Hyundai,Accent,2018,114000,Qassim,37000.0
Hyundai,Accent,2017,71000,Dammam,27500.0
Toyota,Hilux,2008,533399,Qassim,35000.0
Toyota,Camry,2017,61811,Qassim,68000.0
Toyota,Furniture,2020,25000,Dammam,110000.0
Hyundai,Accent,2019,7000,Dammam,42500.0
Audi,A8,2015,85000,Makkah,180000.0
Chevrolet,Tahoe,2007,35000,Tabouk,35000.0
Mazda,3,2018,70000,Jeddah,46000.0
Lexus,ES,2015,246398,Riyadh,85000.0
Toyota,Furniture,2010,450000,Aseer,38000.0
Hyundai,H1,2015,144000,Riyadh,50000.0
Nissan,VTC,2006,317109,Riyadh,35000.0
Fiat,Doblo,2016,28400,Riyadh,20000.0
Chevrolet,Tahoe,2019,132346,Aseer,140000.0
MG,RX8,2021,4000,Aseer,105000.0
GMC,Yukon,2010,115000,Jazan,80000.0
Chevrolet,Aveo,2017,118000,Riyadh,20000.0
Ford,Explorer,2010,190000,Jeddah,20000.0
Chevrolet,Caprice,2011,236000,Tabouk,35000.0
Toyota,Land Cruiser,2006,285000,Al-Baha,65000.0
Kia,Cerato,2016,159000,Jeddah,33000.0
GMC,Sierra,2015,112000,Aseer,77000.0
Lexus,RX,2017,71000,Riyadh,130000.0
Toyota,Land Cruiser,2014,270000,Riyadh,86000.0
Peugeot,5008,2018,34000,Riyadh,85000.0
Nissan,Armada,2007,240000,Riyadh,30000.0
Genesis,G80,2016,140000,Makkah,84000.0
Hyundai,Senta fe,2016,50100,Riyadh,69000.0
Changan,CS95,2020,45000,Hafar Al-Batin,88000.0
Chevrolet,Cruze,2013,181000,Makkah,10000.0
Toyota,Prado,2013,270000,Riyadh,80000.0
Dodge,Durango,2012,315000,Riyadh,20000.0
Toyota,Land Cruiser,2007,160000,Jazan,125000.0
Mercedes,E,2018,250000,Jeddah,105000.0
Chevrolet,Tahoe,2013,248000,Al-Ahsa,49000.0
Chevrolet,Blazer,2005,213000,Abha,13500.0
Toyota,FJ,2015,200000,Aseer,88000.0
Chevrolet,Cruze,2010,184700,Riyadh,11000.0
Porsche,Cayenne,2009,277000,Jeddah,42000.0
Ford,Mustang,2007,195000,Makkah,27000.0
Ford,Expedition,2014,150000,Riyadh,52000.0
GMC,Yukon,2018,88000,Riyadh,145000.0
Toyota,Avanza,2016,160000,Riyadh,28000.0
Chevrolet,Impala,2015,212000,Riyadh,64000.0
Toyota,Camry,2013,376580,Jazan,28000.0
Toyota,Corolla,2018,19190,Jeddah,55000.0
Nissan,Datsun,2013,300000,Makkah,23000.0
Toyota,Hilux,2015,119000,Hail,55000.0
Toyota,Camry,2011,85000,Aseer,52000.0
Toyota,Land Cruiser,2011,145000,Dammam,95000.0
Nissan,Sentra,2018,78000,Riyadh,38000.0
Nissan,Maxima,2000,400000,Jeddah,12500.0
Toyota,Corolla,2017,107000,Riyadh,39000.0
Nissan,KICKS,2020,200,Riyadh,66000.0
HAVAL,H6,2020,5000,Dammam,70000.0
Chevrolet,Tahoe,2009,400000,Riyadh,35000.0
Ford,Expedition,2009,360000,Riyadh,32000.0
Chevrolet,Suburban,2009,255000,Riyadh,36000.0
Ford,Explorer,2015,40000,Qassim,90000.0
Peugeot,3008,2014,76335,Riyadh,30000.0
Mercury,Grand Marquis,2007,570000,Riyadh,24000.0
Chevrolet,Caprice,2009,135000,Riyadh,32000.0
Lexus,LS,2015,103000,Khobar,170000.0
Dodge,Durango,2016,61000,Jeddah,72000.0
Ford,Taurus,2016,175000,Makkah,56008.0
Toyota,Hilux,2016,97000,Jeddah,91000.0
Mazda,6,2016,199000,Tabouk,42000.0
Nissan,Datsun,2016,71000,Makkah,40000.0
Nissan,Sunny,2019,116000,Riyadh,30000.0
Toyota,Prado,2014,198000,Jeddah,76000.0
Chevrolet,Tahoe,2011,304000,Jubail,50000.0
Chevrolet,Spark,2012,217912,Dammam,9500.0
Nissan,Navara,2015,19000,Jeddah,38000.0
Ford,Taurus,2017,61000,Dammam,73000.0
BMW,The 3,2013,156000,Riyadh,45000.0
Mazda,CX5,2014,110000,Riyadh,41000.0
Toyota,Furniture,2020,18000,Dammam,128500.0
Mercedes,E,2021,7000,Riyadh,290000.0
Ford,Echo Sport,2016,217000,Riyadh,25000.0
GMC,Sierra,2006,283000,Dammam,29000.0
BMW,The 5,2019,40000,Jeddah,220000.0
Toyota,Yaris,2020,2100,Dammam,50000.0
Toyota,Ciocca,2016,134000,Riyadh,90000.0
Hyundai,Accent,2019,77000,Jeddah,38000.0
Mitsubishi,Pajero,2015,264000,Khobar,38000.0
Toyota,Camry,2019,47000,Riyadh,67000.0
Mitsubishi,Osa Bus,2015,140000,Riyadh,85000.0
Hyundai,Bus County,2016,44000,Jeddah,97000.0
Hyundai,Elantra,2020,142000,Dammam,53000.0
Chrysler,S300,2015,109000,Dammam,74000.0
Ford,Ranger,2011,168000,Riyadh,24000.0
Mercedes,S,1992,8400,Dammam,80000.0
Mazda,3,2019,101000,Al-Medina,44000.0
GMC,Sierra,2016,205000,Riyadh,98000.0
Changan,Seven,2020,41600,Riyadh,28000.0
Toyota,Aurion,2014,245000,Makkah,55000.0
Fiat,500,2019,17000,Dammam,70000.0
Toyota,Hiace,2010,573000,Riyadh,37000.0
Mazda,BT-50,2010,277000,Jubail,19000.0
Hyundai,Accent,2017,183000,Dammam,24500.0
Lexus,ES,2021,13500,Jazan,172500.0
Ford,Taurus,2010,10000,Al-Namas,25000.0
Nissan,X-Trail,2020,24000,Al-Medina,70000.0
Kia,Rio,2019,72000,Dammam,36500.0
INFINITI,QX,2012,205000,Riyadh,77000.0
Nissan,Sunny,2019,42000,Dammam,34000.0
Ford,Expedition,2016,109000,Riyadh,72000.0
Mercedes,S,2009,174000,Riyadh,72000.0
Toyota,Corolla,2018,63000,Qassim,53000.0
Ford,Taurus,2016,118000,Dammam,65000.0
Lexus,LX,2005,500568,Riyadh,45000.0
BMW,The 7,2014,139000,Riyadh,90000.0
Toyota,Camry,2017,120000,Abha,59000.0
GMC,Yukon,2010,360000,Jazan,22000.0
Toyota,Land Cruiser,2010,310000,Riyadh,81000.0
Ford,Expedition,2014,204000,Riyadh,45000.0
Hyundai,Accent,2019,65392,Al-Ahsa,37000.0
Nissan,VTC,2014,244000,Qassim,50000.0
Toyota,Corolla,2012,254000,Dammam,21000.0
BMW,The 7,2012,197000,Jeddah,50000.0
Renault,Fluence,2015,91000,Dammam,20000.0
Hyundai,Elantra,2015,140000,Riyadh,38000.0
Ford,Expedition,2014,140000,Riyadh,50000.0
Hyundai,Sonata,2016,94000,Makkah,50000.0
BMW,The 5,1997,300000,Khobar,10000.0
Ford,Marquis,2008,171000,Riyadh,27000.0
Kia,Cadenza,2020,17000,Yanbu,95000.0
Nissan,Pathfinder,2002,550000,Al-Ahsa,10000.0
Ford,Victoria,2011,176000,Khobar,50000.0
Toyota,Land Cruiser,2020,43000,Riyadh,265000.0
Toyota,Land Cruiser,1997,344627,Makkah,45000.0
Volkswagen,Passat,2012,216000,Jeddah,22000.0
Mercedes,S,2010,228000,Al-Ahsa,63000.0
Mercedes,GLE,2016,71000,Aseer,138000.0
Hummer,H-2,2008,208000,Riyadh,96000.0
Chevrolet,Traverse,2011,320000,Riyadh,23000.0
Toyota,Camry,2008,360000,Makkah,19000.0
Toyota,Rav4,2014,155000,Riyadh,55000.0
Nissan,Patrol,2009,400000,Al-Namas,50000.0
Lexus,LX,2015,248000,Aseer,200000.0
GMC,Yukon,2004,470000,Dammam,33000.0
Geely,Emgrand,2019,70000,Riyadh,35000.0
Nissan,Altima,2014,139000,Riyadh,36000.0
Toyota,Prado,2016,180000,Qassim,91000.0
Lexus,LS,2016,19000,Dammam,235000.0
GMC,Acadia,2017,298000,Aseer,75000.0
Toyota,Avalon,2015,100000,Riyadh,87000.0
Toyota,Land Cruiser,2013,495000,Riyadh,90000.0
Mercedes,SL,2017,81000,Jeddah,265000.0
Honda,Odyssey,2020,40000,Jeddah,100000.0
Toyota,Avanza,2016,217000,Jeddah,37500.0
Toyota,Land Cruiser,2018,60048,Jeddah,173000.0
Toyota,Hilux,2014,180000,Jeddah,52000.0
Toyota,Land Cruiser Pickup,2013,73000,Jeddah,103000.0
Chevrolet,Suburban,1999,70000,Al-Medina,20000.0
Lexus,ES,2016,50000,Dammam,127000.0
Hyundai,Sonata,2011,450000,Aseer,18000.0
Mazda,6,2019,66000,Dammam,72000.0
Toyota,Land Cruiser 70,2011,352500,Hail,58000.0
Mercedes,C,2015,82000,Dammam,109000.0
MG,5,2021,3400,Al-Baha,42000.0
Toyota,Prado,2020,7000,Qassim,172000.0
Toyota,Land Cruiser Pickup,2017,25471,Qassim,122000.0
Mazda,CX9,2015,62000,Qassim,76000.0
Toyota,FJ,2015,230000,Qassim,85000.0
BMW,The 3,2018,96000,Dammam,90000.0
BMW,Z,2015,65555,Jeddah,95000.0
Hyundai,Sonata,2017,240000,Jeddah,35000.0
Ford,Edge,2016,197000,Riyadh,62000.0
Mercedes,C,2016,186000,Makkah,108000.0
Changan,Seven,2021,11000,Riyadh,32500.0
Nissan,Altima,2009,400000,Riyadh,7500.0
Hyundai,Elantra,2012,289000,Aseer,21000.0
Lexus,ES,2016,92000,Dammam,98000.0
INFINITI,FX,2007,170000,Jazan,25000.0
Hyundai,Avante,2017,110750,Al-Ahsa,60000.0
Chevrolet,Tahoe,2018,127000,Dammam,155000.0
Hyundai,H1,2018,179767,Riyadh,52000.0
Toyota,Land Cruiser,2010,360000,Riyadh,83000.0
Ford,Explorer,2012,336000,Dammam,35000.0
Lexus,ES,2016,95000,Al-Ahsa,103000.0
Land Rover,Range Rover,2015,102000,Al-Ahsa,158000.0
Ford,Fusion,2018,125000,Al-Ahsa,57000.0
Mazda,6,2016,172000,Al-Ahsa,45000.0
Ford,Taurus,2017,118000,Dammam,73000.0
Toyota,Corolla,2017,28000,Riyadh,44000.0
Nissan,Patrol,2020,56000,Dammam,225000.0
Chevrolet,Suburban,2011,462000,Al-Medina,40000.0
Mitsubishi,Pajero,2016,193000,Jeddah,58000.0
Nissan,Datsun,2012,333000,Makkah,18000.0
Hyundai,Sonata,2016,96460,Riyadh,49000.0
Toyota,Camry,2019,88000,Riyadh,70000.0
Hyundai,Elantra,2020,10000,Dammam,63000.0
Toyota,Hilux,2014,309000,Al-Medina,45000.0
Ford,Edge,2013,217000,Al-Ahsa,32000.0
Toyota,Furniture,2016,120000,Al-Jouf,92000.0
Toyota,Furniture,2017,6000,Jeddah,85000.0
Toyota,Furniture,2017,12000,Jeddah,80000.0
Ford,Edge,2017,89000,Jeddah,68000.0
Hyundai,Sonata,2019,72000,Jeddah,60000.0
Hyundai,Elantra,2019,55000,Jeddah,60000.0
Hyundai,Sonata,2017,139000,Jeddah,43000.0
Kia,Optima,2015,240000,Jeddah,33000.0
Nissan,Datsun,2015,130000,Jeddah,32000.0
Mercedes,S,2015,180000,Jeddah,200000.0
Bentley,Flying Spur,2011,183000,Jeddah,100000.0
Toyota,Hilux,2016,155000,Jeddah,75000.0
GMC,Sierra,2016,180000,Jeddah,72000.0
Toyota,Innova,2017,130000,Jeddah,67000.0
Kia,Sportage,2019,46000,Jeddah,65000.0
Toyota,Innova,2017,135000,Jeddah,61000.0
Toyota,Camry,2016,130000,Jeddah,55000.0
Honda,Odyssey,2015,100000,Jeddah,53000.0
Honda,Civic,2018,61000,Jeddah,45000.0
Honda,Civic,2018,91000,Jeddah,45000.0
Hyundai,Sonata,2017,135000,Jeddah,45000.0
Toyota,Corolla,2018,100000,Jeddah,44000.0
Toyota,Corolla,2018,68000,Jeddah,44000.0
Toyota,Camry,2017,240000,Jeddah,41000.0
Nissan,Altima,2017,88000,Jeddah,37000.0
Nissan,Altima,2017,181000,Jeddah,37000.0
Kia,Cerato,2016,150000,Jeddah,30000.0
Kia,Cerato,2016,112000,Jeddah,30000.0
Hyundai,Accent,2017,138000,Jeddah,24000.0
Nissan,Sunny,2018,88000,Jeddah,24000.0
Nissan,Sunny,2016,200000,Jeddah,20000.0
Nissan,Pathfinder,2005,300000,Riyadh,12000.0
GMC,Sierra,2000,400000,Taef,10000.0
Toyota,Prado,2015,55000,Jubail,130000.0
Toyota,Land Cruiser,2020,10000,Riyadh,259000.0
Changan,Eado,2020,91000,Dammam,43000.0
Ford,Taurus,2015,121000,Dammam,82000.0
Changan,Eado,2020,64695,Riyadh,42000.0
Toyota,Furniture,2019,113000,Riyadh,105000.0
Hyundai,Accent,2011,285205,Al-Medina,14000.0
Jeep,Grand Cherokee,2014,175000,Jubail,70000.0
Honda,Civic,2017,86000,Makkah,40000.0
Toyota,Yaris,2019,61000,Dammam,38000.0
Mercedes,C,2018,33000,Dammam,330000.0
Land Rover,Range Rover,2016,56500,Dammam,320000.0
Mercedes,E,2020,16000,Dammam,265000.0
Mercedes,E,2018,86000,Dammam,245000.0
Land Rover,Discovery,2018,500000,Dammam,240000.0
Mercedes,GLC,2020,4000,Dammam,225000.0
Lexus,IS,2020,10000,Dammam,197000.0
Land Rover,Range Rover,2014,195000,Dammam,170000.0
Mercedes,GL,2014,139000,Dammam,135000.0
BMW,The 6,2013,108000,Dammam,120000.0
Lexus,IS,2016,89000,Dammam,128000.0
Nissan,Sentra,2016,139000,Riyadh,36000.0
Mercedes,SEL,1990,79000,Dammam,115000.0
Toyota,Corolla,2018,50000,Riyadh,53000.0
Hyundai,Accent,2019,91000,Riyadh,32000.0
Ford,F150,2019,13000,Dammam,108000.0
Toyota,Hilux,2018,194000,Riyadh,80000.0
Toyota,Yaris,2019,36000,Al-Ahsa,43000.0
Dodge,Durango,2014,244000,Al-Namas,52000.0
Mercedes,G,2019,60000,Riyadh,835000.0
Kia,Optima,2015,173588,Riyadh,36500.0
Toyota,Camry,2014,230000,Dammam,35000.0
Hyundai,Sonata,2018,48933,Riyadh,50000.0
Toyota,Furniture,2020,40000,Dammam,132000.0
Lexus,ES,2017,99000,Al-Ahsa,129000.0
Kia,Optima,2014,200000,Al-Medina,45000.0
GMC,Suburban,1995,215000,Riyadh,13000.0
Nissan,Datsun,2015,147000,Jazan,45000.0
Toyota,Avalon,2019,60000,Tabouk,115000.0
Chevrolet,Optra,2011,216000,Riyadh,9000.0
Nissan,Sunny,2011,290000,Riyadh,7000.0
Hyundai,Sonata,2018,7400,Aseer,58000.0
Toyota,Corolla,2001,600000,Jazan,9500.0
Mazda,CX9,2016,124000,Qassim,57000.0
FAW,B50,2016,89000,Jeddah,25000.0
GMC,Sierra,2019,8900,Al-Jouf,130000.0
Toyota,Land Cruiser,1999,238000,Makkah,40000.0
Hyundai,Elantra,2015,245000,Aseer,30000.0
Kia,K4000G,2005,298000,Yanbu,25000.0
Hyundai,Senta fe,2013,16700,Jeddah,52000.0
Toyota,Avalon,2021,6500,Riyadh,140000.0
Cadillac,ATS,2018,51000,Riyadh,125000.0
Land Rover,Range Rover,2017,90000,Riyadh,250000.0
Mercedes,GLE,2020,24000,Riyadh,330000.0
Toyota,Avalon,2011,150000,Makkah,58000.0
Hyundai,Accent,2012,228000,Jeddah,15000.0
Lexus,IS,2008,400000,Riyadh,22000.0
Toyota,Hilux,2016,220000,Riyadh,68000.0
GMC,Yukon,2005,195000,Makkah,23000.0
Toyota,Rav4,2018,84000,Jubail,85000.0
Ford,Ranger,2021,9000,Abha,85000.0
Hyundai,Sonata,2017,20000,Riyadh,36000.0
Mazda,3,2015,200000,Riyadh,25000.0
Geely,Other,2017,45000,Riyadh,36000.0
Chevrolet,Caprice,2013,266000,Riyadh,37000.0
Ford,Victoria,2015,130000,Dammam,70000.0
Cadillac,Escalade,2016,130000,Dammam,180000.0
Kia,Mohave,2014,192000,Dammam,39000.0
Ford,Taurus,2014,152000,Dammam,55000.0
GMC,Yukon,2013,300000,Jeddah,55000.0
Hyundai,Other,2012,3330,Aseer,25000.0
Hyundai,Tucson,2018,120000,Jeddah,62000.0
Toyota,Hilux,2017,18000,Jeddah,77000.0
Toyota,FJ,2016,148000,Tabouk,98000.0
Toyota,Camry,2017,31000,Al-Baha,75000.0
Toyota,Hilux,2016,60000,Jeddah,75000.0
Toyota,Hilux,2016,95000,Jeddah,85000.0
Hyundai,Sonata,2008,382000,Riyadh,12000.0
Mazda,6,2014,185000,Al-Medina,45000.0
Nissan,Datsun,2009,85000,Al-Medina,45000.0
Nissan,Pathfinder,2001,546473,Al-Medina,14000.0
Toyota,Land Cruiser,2006,311100,Al-Medina,63000.0
Toyota,Furniture,2008,288000,Al-Medina,36000.0
Toyota,Land Cruiser,2000,396000,Al-Medina,30000.0
Toyota,Land Cruiser Pickup,2014,192000,Al-Medina,73000.0
INFINITI,QX,2016,185000,Dammam,119000.0
Toyota,Camry,2017,133000,Riyadh,48000.0
Hyundai,Elantra,2019,73000,Dammam,48500.0
Ford,Taurus,2015,104000,Dammam,74000.0
Dodge,Charger,2018,89000,Dammam,109000.0
Kia,Carnival,2016,85000,Dammam,64000.0
Chrysler,S300,2018,66000,Dammam,122000.0
Ford,Flex,2014,180000,Dammam,49000.0
Ford,Taurus,2017,131000,Dammam,73000.0
Toyota,Yaris,2019,22000,Hafar Al-Batin,41500.0
Lexus,ES,2019,62000,Yanbu,195000.0
Toyota,FJ,2012,270000,Tabouk,60000.0
Hyundai,Elantra,2013,169000,Riyadh,20000.0
Toyota,Previa,2009,400000,Riyadh,15000.0
Nissan,VTC,2019,39000,Abha,145000.0
Chevrolet,Impala,2014,255000,Khobar,43000.0
Toyota,Land Cruiser,2003,335000,Dammam,51000.0
Chevrolet,Optra,2008,253250,Jeddah,9000.0
Hyundai,Elantra,2017,140000,Jeddah,47000.0
Chrysler,300,2014,272000,Riyadh,45000.0
Toyota,Prado,2016,69900,Dammam,128000.0
GMC,Sierra,2020,60000,Dammam,155000.0
Toyota,Hilux,2016,208000,Hail,77000.0
Chevrolet,Caprice,2015,235000,Tabouk,65000.0
BMW,The 7,2018,19000,Riyadh,225000.0
Honda,Accord,2014,300000,Riyadh,45000.0
Ford,F150,2018,35000,Riyadh,195000.0
Mitsubishi,Pajero,2017,159000,Dammam,55000.0
Honda,Accord,2014,349000,Riyadh,48000.0
Chevrolet,Suburban,2015,70000,Al-Baha,160000.0
GMC,Sierra,2013,334000,Riyadh,45000.0
Lexus,ES,2016,200000,Jeddah,105000.0
Geely,EC7,2014,229000,Jeddah,18000.0
Toyota,Innova,2017,139400,Tabouk,58000.0
Mazda,CX9,2020,51000,Riyadh,130000.0
Ford,Taurus,2017,92595,Riyadh,83000.0
Dodge,Durango,2011,200900,Jeddah,30000.0
Toyota,Furniture,2015,209000,Riyadh,72000.0
Ford,Victoria,2007,480000,Riyadh,15000.0
Nissan,Bus Urvan,2016,106000,Dammam,65000.0
GMC,Yukon,2014,92000,Dammam,90000.0
Lexus,IS,2015,181000,Riyadh,60000.0
Toyota,Corolla,2013,233000,Jubail,25000.0
Kia,Sorento,2015,182000,Dammam,30000.0
Hyundai,Creta,2017,120000,Jeddah,50000.0
Ford,Explorer,2016,228000,Riyadh,65000.0
Toyota,Hilux,2018,71000,Al-Medina,62000.0
Hyundai,Sonata,2019,53000,Dammam,79000.0
Kia,Cerato,2015,170000,Riyadh,27000.0
Hyundai,Accent,2018,79000,Dammam,33000.0
Mercedes,E,2016,110440,Riyadh,98000.0
Toyota,Avalon,2014,340000,Tabouk,43000.0
Hyundai,Sonata,2013,280000,Riyadh,25000.0
Dodge,Charger,2016,100000,Dammam,109000.0
Nissan,Sentra,2017,50700,Riyadh,37000.0
Volkswagen,Touareg,2006,290000,Jeddah,12000.0
Chevrolet,Silverado,2018,70000,Abha,77000.0
Mercedes,C,2016,76000,Riyadh,102000.0
Nissan,Altima,2017,85000,Riyadh,58000.0
Ford,Taurus,2015,197000,Riyadh,58000.0
Nissan,Navara,2015,45000,Riyadh,50000.0
Kia,Optima,2015,191000,Riyadh,38500.0
Kia,Optima,2015,190000,Riyadh,38000.0
Nissan,Juke,2014,68000,Riyadh,35000.0
Suzuki,Grand Vitara,2013,16000,Riyadh,35000.0
Hyundai,Accent,2018,51000,Riyadh,34000.0
Toyota,Prado,2016,67000,Riyadh,90000.0
Toyota,FJ,2020,68500,Riyadh,117000.0
Foton,Mini Van,2017,145000,Riyadh,39500.0
Ford,Fusion,2015,85000,Riyadh,35000.0
Hyundai,H1,2018,40000,Qassim,63000.0
Kia,Optima,2018,131000,Riyadh,59000.0
Toyota,Corolla,2013,186000,Al-Medina,27000.0
Ford,Van,2013,40000,Abha,40000.0
Chevrolet,Blazer,2007,400000,Jazan,8000.0
Nissan,Land Cruiser Pickup,1999,180000,Riyadh,28000.0
Hyundai,Azera,2015,215515,Riyadh,42000.0
Mercedes,G,2019,39000,Riyadh,800000.0
Bentley,Continental GT,2013,121000,Riyadh,280000.0
Toyota,Land Cruiser,2013,350000,Dammam,86000.0
Kia,Cerato,2015,141000,Dammam,25000.0
Kia,Seltos,2021,10000,Riyadh,75000.0
Nissan,Sunny,2019,66000,Al-Medina,29000.0
Toyota,Corolla,2020,39000,Jeddah,69000.0
Mercedes,G,2014,125000,Riyadh,245000.0
GMC,Yukon,2017,30000,Aseer,158000.0
Chevrolet,Tahoe,2013,172000,Jeddah,60000.0
Kia,Cadenza,2017,93000,Riyadh,57000.0
Ford,Taurus,2015,140000,Dammam,64000.0
Toyota,Previa,2015,156000,Riyadh,56500.0
Chrysler,C300,2017,133000,Riyadh,70000.0
Toyota,Hilux,2020,15000,Riyadh,105500.0
Toyota,Hilux,2020,15000,Riyadh,105000.0
GMC,Sierra,2018,126000,Riyadh,111000.0
Lexus,RX,2016,176700,Riyadh,130000.0
Toyota,Hilux,2020,49000,Riyadh,103000.0
Kia,Sportage,2020,7688,Riyadh,67000.0
Toyota,Innova,2016,84000,Riyadh,69000.0
Honda,Odyssey,2015,123000,Riyadh,59000.0
Lexus,LS,2014,202000,Riyadh,133000.0
Toyota,Prado,2019,58000,Riyadh,151000.0
Chevrolet,Tahoe,2016,168000,Riyadh,115500.0
Mazda,3,2018,31000,Al-Medina,54000.0
Mazda,3,2018,53000,Al-Medina,54000.0
Mazda,3,2018,54000,Al-Medina,54000.0
Mazda,3,2018,23000,Al-Medina,55000.0
Mazda,CX3,2018,78000,Al-Medina,54000.0
Mazda,CX3,2018,30000,Al-Medina,54000.0
Mazda,CX3,2018,31000,Al-Medina,55000.0
Mazda,3,2019,53000,Al-Medina,46500.0
Toyota,Prado,2019,82000,Riyadh,149500.0
Hyundai,Accent,2018,105000,Riyadh,35000.0
Land Rover,Range Rover,2017,77000,Al-Medina,275000.0
Porsche,Panamera,2011,108000,Al-Medina,99000.0
Mercedes,S,2011,203000,Al-Medina,98000.0
Honda,Accord,2018,70000,Al-Medina,96000.0
Mercedes,S,2011,132000,Al-Medina,90000.0
Mercedes,S,2010,114000,Al-Medina,88000.0
Toyota,Avalon,2014,156000,Al-Medina,73000.0
Chevrolet,Camaro,2013,137000,Al-Medina,63000.0
Mazda,CX3,2018,49000,Al-Medina,55000.0
Hyundai,Elantra,2019,84000,Al-Medina,51000.0
Mazda,3,2018,99000,Al-Medina,45000.0
Toyota,Innova,2014,163000,Al-Medina,39000.0
Toyota,Hilux,2020,27000,Riyadh,104500.0
Lexus,ES,2018,128000,Riyadh,93500.0
Toyota,Previa,2017,139000,Riyadh,62000.0
Mazda,3,2016,129000,Riyadh,31000.0
Lexus,LX,2021,4500,Al-Medina,460500.0
Land Rover,Range Rover,2019,36000,Riyadh,520000.0
Toyota,Hilux,2017,119000,Najran,69000.0
Nissan,Pathfinder,2013,127000,Riyadh,38000.0
Hyundai,Elantra,2017,146000,Riyadh,40000.0
Toyota,Camry,2020,26000,Dammam,126000.0
Nissan,VTC,2019,100000,Arar,138000.0
Mitsubishi,Pajero,2016,260000,Riyadh,60000.0
Toyota,Hilux,2020,22000,Al-Ahsa,120000.0
Chrysler,300,2014,188000,Al-Ahsa,57000.0
Kia,Carenz,2015,102000,Al-Ahsa,40000.0
Hyundai,Accent,2018,95000,Al-Ahsa,41000.0
Ford,Edge,2016,198000,Al-Ahsa,69000.0
Fiat,Fiorino,2016,33000,Al-Ahsa,27000.0
Toyota,Corolla,2018,110000,Al-Ahsa,51000.0
Kia,Rio,2016,91000,Al-Ahsa,37000.0
Chrysler,300,2018,157000,Al-Ahsa,127000.0
Ford,Other,2016,15500,Riyadh,90000.0
Lexus,IS,2017,69000,Jazan,150000.0
Hyundai,Sonata,2017,105000,Al-Ahsa,55000.0
Fiat,Doblo,2015,119000,Al-Ahsa,25000.0
Ford,Taurus,2019,108000,Al-Ahsa,88000.0
Nissan,Sentra,2018,62000,Al-Ahsa,41000.0
Hyundai,Tucson,2016,119800,Jeddah,57000.0
Nissan,Datsun,2014,282000,Riyadh,24000.0
Chevrolet,Suburban,2008,263000,Taef,32000.0
Toyota,Corolla,2018,65000,Taef,52000.0
Chrysler,C300,2013,200000,Makkah,55000.0
Mitsubishi,Nativa,2010,244000,Hail,17000.0
Volkswagen,Beetle,2015,130000,Makkah,55000.0
Nissan,VTC,2015,340000,Al-Ahsa,49000.0
Toyota,Hilux,1995,300000,Aseer,15000.0
Ford,Fusion,2012,300000,Dammam,18000.0
Hyundai,Azera,2016,36000,Riyadh,48000.0
Mitsubishi,Pajero,2016,193000,Riyadh,45000.0
Toyota,Land Cruiser,2020,46800,Dammam,257000.0
Ford,Marquis,1999,388000,Najran,10000.0
Nissan,Patrol,2015,247000,Jeddah,75000.0
Lexus,NX,2020,4100,Jeddah,170000.0
Mercedes,S,2011,137000,Jeddah,85000.0
Nissan,Sunny,2019,46000,Jeddah,32000.0
GMC,Yukon,2008,280000,Taef,42000.0
Nissan,Navara,2016,7000,Jeddah,65000.0
Nissan,Patrol,2016,59000,Jeddah,83000.0
Dodge,Charger,2014,300000,Jeddah,35000.0
Toyota,Hilux,2016,190000,Al-Baha,65000.0
Mitsubishi,Pajero,2017,28000,Jeddah,88000.0
Nissan,Land Cruiser Pickup,2011,236564,Taef,37000.0
Lexus,RX,2015,70000,Jeddah,95000.0
BMW,The 7,2019,14000,Jeddah,247000.0
Suzuki,Ertiga,2015,168000,Al-Medina,22000.0
Chevrolet,Tahoe,2007,128000,Jeddah,35000.0
Mercedes,E,2016,94000,Riyadh,110000.0
GMC,Yukon,2020,63860,Jeddah,175000.0
Ford,Edge,2016,76200,Dammam,77000.0
Mitsubishi,Pajero,2017,251000,Jeddah,65000.0
Hyundai,H1,2016,280000,Makkah,32000.0
Hyundai,Tucson,2020,22000,Jeddah,80000.0
Nissan,Sentra,2020,7000,Aseer,55000.0
Toyota,4Runner,2018,115150,Jeddah,95000.0
Volkswagen,Passat,2015,70000,Jeddah,73000.0
Ford,Expedition,2012,360000,Riyadh,30000.0
Dodge,Charger,2013,144000,Yanbu,59000.0
Mercedes,C,2016,95000,Jeddah,127000.0
BMW,The 7,2018,52000,Riyadh,200000.0
Toyota,Avalon,2017,200000,Riyadh,80000.0
Lexus,ES,2016,104000,Al-Ahsa,98000.0
Chrysler,C300,2017,77000,Al-Ahsa,82000.0
Chrysler,C300,2016,100000,Al-Ahsa,79500.0
Kia,Rio,2016,119000,Dammam,20000.0
Toyota,Camry,2002,450000,Najran,14000.0
GAC,GS3,2021,9000,Al-Ahsa,57000.0
Toyota,Ciocca,2009,349900,Makkah,25000.0
INFINITI,QX,2015,123000,Riyadh,70000.0
Toyota,Furniture,2019,37000,Dammam,107000.0
Hyundai,Sonata,2018,68000,Riyadh,53000.0
Kia,Rio,2015,150000,Riyadh,22000.0
Kia,Sportage,2018,129000,Dammam,60000.0
Changan,Eado,2021,1000,Jeddah,60000.0
Maserati,Quattroporte,2015,125000,Dammam,125000.0
Hyundai,Accent,2018,108000,Dammam,34000.0
Nissan,Datsun,2016,39000,Dammam,52000.0
Ford,Taurus,2019,77000,Riyadh,77000.0
Lexus,GS,2017,69000,Al-Ahsa,163000.0
Hyundai,Senta fe,2016,131000,Al-Ahsa,60000.0
GMC,Sierra,2002,252000,Makkah,12500.0
Toyota,Land Cruiser,2016,228000,Dammam,160000.0
Mercedes,S,2014,90000,Riyadh,220000.0
Toyota,Hilux,2018,31000,Dammam,72000.0
Chevrolet,Caprice,2013,93000,Dammam,79000.0
Ford,Edge,2014,186000,Al-Ahsa,54000.0
Ford,Edge,2017,60000,Al-Ahsa,105000.0
Cadillac,Escalade,2015,241000,Al-Medina,140000.0
Dodge,Charger,2012,300000,Jeddah,38000.0
Mercedes,C,2018,57000,Dammam,175000.0
Hyundai,Accent,2019,115300,Dammam,35000.0
Audi,A6,2014,79000,Jeddah,85000.0
Mercedes,C,2016,46000,Jeddah,142000.0
Toyota,Corolla,2015,96000,Tabouk,40000.0
Mercedes,E,1998,490000,Dammam,8500.0
Geely,Azkarra,2021,20000,Qassim,78000.0
Ford,Marquis,2010,250000,Tabouk,30000.0
Kia,Cerato,2018,215000,Al-Medina,30000.0
Toyota,Innova,2015,198000,Riyadh,48000.0
Cadillac,Escalade,2007,476000,Qassim,18000.0
Ford,Taurus,2014,266000,Taef,50000.0
Chevrolet,Traverse,2014,195000,Riyadh,42000.0
Kia,Carenz,2015,147000,Riyadh,32000.0
Hyundai,Sonata,2013,490000,Hafar Al-Batin,16000.0
Toyota,Furniture,2020,28000,Dammam,110000.0
Toyota,Land Cruiser,2006,86000,Dammam,90000.0
Toyota,Land Cruiser,2006,199000,Dammam,77000.0
Toyota,Land Cruiser,2006,215000,Dammam,79000.0
Toyota,Hilux,2018,201000,Dammam,85000.0
GMC,Other,2006,348000,Makkah,16000.0
Nissan,Pathfinder,2014,23800,Riyadh,40000.0
Jeep,Grand Cherokee,2015,148000,Jeddah,69500.0
Nissan,Datsun,2015,200000,Taef,35000.0
Hyundai,Accent,2007,382010,Riyadh,9000.0
Mitsubishi,Pajero,2018,62000,Aseer,82000.0
Jaguar,XF,2017,100000,Aseer,95000.0
Mercedes,C,2018,91000,Aseer,138000.0
Mazda,CX5,2019,84000,Hail,75000.0
Chevrolet,Suburban,2007,300000,Qurayyat,30000.0
Ford,Victoria,2011,128000,Yanbu,43000.0
Mazda,CX5,2021,4950,Makkah,117000.0
Nissan,Pathfinder,2006,325000,Riyadh,15000.0
GMC,Yukon,2013,19400,Yanbu,95000.0
Toyota,Hilux,2009,25788,Makkah,30000.0
Toyota,Prado,2018,131000,Qassim,137000.0
Hyundai,Elantra,2014,410000,Riyadh,25000.0
Audi,A7,2016,130000,Dammam,125000.0
Daihatsu,Delta,1990,15800,Najran,50000.0
Chevrolet,Impala,2016,51000,Riyadh,62000.0
Chevrolet,Tahoe,2011,206000,Riyadh,37000.0
Hyundai,Sonata,2016,230000,Aseer,45000.0
GMC,Yukon,2013,7800,Dammam,110000.0
Toyota,Camry,2014,130000,Jeddah,37000.0
Toyota,Camry,2007,450000,Tabouk,16500.0
Geely,Azkarra,2021,23000,Dammam,75000.0
Hyundai,Sonata,2018,179000,Makkah,42000.0
Toyota,Land Cruiser,2014,213000,Dammam,142000.0
Toyota,Land Cruiser,2015,280000,Dammam,140000.0
Toyota,Land Cruiser,2013,281000,Dammam,135000.0
Toyota,Land Cruiser,2015,248000,Dammam,135000.0
Toyota,Land Cruiser,2013,308000,Dammam,120000.0
Toyota,Innova,2020,50000,Dammam,83000.0
Toyota,Rav4,2018,74000,Dammam,79000.0
Mazda,CX9,2016,193000,Dammam,68000.0
Ford,Expedition,2014,151000,Dammam,65000.0
Nissan,X-Trail,2017,99000,Dammam,62000.0
Hyundai,H1,2016,91000,Dammam,52000.0
Ford,Expedition,2013,190000,Dammam,50000.0
Toyota,Camry,2015,277000,Dammam,48000.0
Ford,Expedition,2012,207000,Dammam,47000.0
Toyota,Camry,2017,327000,Dammam,46000.0
Toyota,Camry,2017,319000,Dammam,46000.0
Kia,Carnival,2016,243000,Dammam,46000.0
Nissan,Navara,2016,55000,Dammam,45000.0
Nissan,Navara,2016,204000,Dammam,42000.0
Nissan,Patrol,2006,106000,Dammam,37000.0
Hyundai,Accent,2017,186000,Dammam,30000.0
Mercury,Grand Marquis,2011,300000,Dammam,27000.0
Lexus,GS,2016,58000,Dammam,137000.0
Chevrolet,Tahoe,2015,193000,Dammam,118000.0
Ford,Taurus,2017,131000,Dammam,67000.0
Ford,Taurus,2016,123000,Dammam,65000.0
Ford,Expedition,2013,300000,Dammam,55000.0
Toyota,Corolla,2018,67000,Dammam,52000.0
Toyota,Corolla,2018,69600,Dammam,52000.0
Toyota,Corolla,2018,52000,Dammam,51000.0
Hyundai,Accent,2019,54000,Dammam,42000.0
Hyundai,Accent,2019,80000,Dammam,42000.0
Hyundai,Accent,2018,117000,Dammam,33000.0
BMW,The 5,2016,120000,Riyadh,61000.0
GMC,Sierra,2014,155000,Riyadh,66500.0
Nissan,Navara,2016,185000,Hail,43000.0
Toyota,Camry,2007,420000,Al-Medina,30000.0
Toyota,Innova,2016,224000,Al-Medina,62000.0
Mercedes,S,2020,53000,Dammam,365000.0
Toyota,Innova,2015,170000,Makkah,50000.0
Toyota,Corolla,2013,190000,Jeddah,21000.0
Ford,Explorer,2016,87300,Riyadh,105000.0
Hyundai,Tucson,2018,146000,Dammam,75000.0
Ford,Expedition,2013,270000,Riyadh,49500.0
Nissan,Gloria,1999,147500,Riyadh,27500.0
BMW,The 5,2009,216500,Riyadh,24000.0
Mercury,Grand Marquis,2008,362000,Jeddah,19000.0
Mercedes,S,2015,300000,Riyadh,188000.0
Chevrolet,Suburban,1997,292764,Al-Medina,4000.0
Toyota,FJ,2008,300000,Riyadh,50000.0
Toyota,Furniture,2015,103000,Dammam,86000.0
Toyota,Hilux,2015,184000,Aseer,70000.0
BMW,The 5,2018,16000,Jubail,145000.0
Nissan,Patrol,2019,42000,Jeddah,185000.0
Chevrolet,Tahoe,2014,95560,Dammam,80000.0
Hyundai,Elantra,2020,130000,Dammam,53000.0
Toyota,FJ,2012,35000,Riyadh,70000.0
Toyota,Land Cruiser,2007,480000,Dammam,62000.0
Ford,Expedition,2009,318500,Riyadh,24500.0
Hyundai,Accent,2016,115000,Riyadh,22500.0
Toyota,Hilux,2015,300000,Riyadh,75000.0
Ford,Victoria,2011,343000,Jeddah,29000.0
Lexus,LX,2020,30000,Dammam,468000.0
Land Rover,Range Rover,2020,19000,Dammam,610000.0
Toyota,Corolla,2015,201000,Jeddah,35000.0
Chevrolet,Spark,2019,90000,Riyadh,26000.0
Nissan,Sunny,2018,92904,Riyadh,25000.0
Hyundai,Accent,2018,100000,Riyadh,33000.0
Mercedes,SEL,1990,89000,Dammam,75000.0
Mazda,3,2018,100000,Riyadh,53000.0
Toyota,Avalon,2011,359000,Riyadh,60000.0
Mercedes,S,2018,590000,Dammam,390000.0
Lexus,LX,2018,98000,Riyadh,365000.0
Toyota,Prado,2018,90000,Jeddah,138000.0
Mitsubishi,Pajero,2015,99000,Al-Ahsa,55000.0
Toyota,Camry,2017,84000,Qassim,45000.0
Hyundai,Accent,2016,151000,Dammam,24000.0
GMC,Yukon,2009,182000,Dammam,42000.0
Toyota,Yaris,2019,30000,Dammam,46000.0
Ford,Expedition,2003,400000,Al-Jouf,4000.0
Hyundai,Tucson,2015,66000,Jeddah,47000.0
Mercedes,S,2015,300000,Riyadh,188000.0
Kia,Optima,2018,125000,Tabouk,55000.0
Chevrolet,Silverado,2010,73000,Al-Ahsa,37000.0
Nissan,Maxima,2014,180000,Riyadh,40000.0
Nissan,Patrol,2019,72000,Najran,160000.0
Toyota,Land Cruiser,2004,600000,Jeddah,34800.0
Hyundai,Tuscani,2016,95000,Riyadh,55000.0
Ford,Victoria,2011,60000,Jeddah,55000.0
Chevrolet,Kaptiva,2012,50000,Al-Medina,27000.0
Jeep,Compass,2016,247885,Jazan,38999.0
Toyota,Camry,2015,180000,Arar,28000.0
Toyota,Land Cruiser,2016,95000,Hail,160000.0
Nissan,Armada,2012,138000,Jeddah,60000.0
Audi,A3,2016,59000,Jeddah,70000.0
Toyota,Camry,2019,36000,Aseer,95000.0
Nissan,Murano,2008,300000,Riyadh,9500.0
Chevrolet,Tahoe,2013,350000,Dammam,50000.0
Kia,Sportage,2017,75000,Al-Ahsa,50000.0
Toyota,Cressida,1991,100000,Riyadh,5000.0
Lexus,LX,2020,10800,Jeddah,418000.0
Ford,Expedition,2007,300000,Aseer,18000.0
Hyundai,Elantra,2006,2500,Jeddah,9500.0
Land Rover,Range Rover,2020,100,Dammam,700000.0
BMW,X,2020,2300,Dammam,465000.0
BMW,The 7,2020,4500,Dammam,325000.0
Aston Martin,DB9,2010,71000,Dammam,180000.0
Maserati,Quattroporte,2014,115000,Dammam,125000.0
Porsche,Cayman,2008,66000,Dammam,70000.0
Maserati,Levante,2020,500,Dammam,370000.0
Audi,A8,2019,41000,Dammam,325000.0
Audi,A8,2018,68800,Dammam,315000.0
Mercedes,C,2019,44000,Dammam,185000.0
Mercedes,C,2018,44000,Dammam,180000.0
Suzuki,Jimny,2020,12000,Dammam,175000.0
Mercedes,C,2015,125000,Dammam,119000.0
Ford,Taurus,2010,318000,Riyadh,23000.0
Maserati,Levante,2020,3000,Dammam,385000.0
Toyota,Camry,2017,88348,Qassim,70000.0
Toyota,Furniture,2015,114900,Jeddah,55000.0
Bentley,Flying Spur,2009,49000,Makkah,220000.0
Chevrolet,Cruze,2013,197000,Dammam,14500.0
Chevrolet,Tahoe,2020,30000,Dammam,155000.0
BMW,The 7,2018,36000,Riyadh,230000.0
Jeep,Grand Cherokee,2013,77000,Dammam,77000.0
Toyota,Camry,2016,73000,Qassim,61000.0
Jaguar,F-Pace,2017,199000,Riyadh,155000.0
Toyota,Furniture,2017,83000,Al-Medina,110000.0
GMC,Suburban,2000,128000,Aseer,80000.0
Mercedes,E,2017,31000,Riyadh,226000.0
Hyundai,Accent,2019,72000,Dammam,40000.0
Chevrolet,Impala,2016,162000,Dammam,80000.0
Toyota,Camry,2019,77000,Khobar,90000.0
Ford,Mustang,2015,119000,Dammam,85000.0
Hyundai,Senta fe,2016,212000,Dammam,57000.0
Hyundai,Tucson,2013,120000,Jeddah,32000.0
Volkswagen,Jetta,2017,82000,Riyadh,54000.0
Ford,Taurus,2015,217000,Riyadh,49000.0
Nissan,Altima,2018,78592,Qassim,64000.0
Toyota,Prado,2020,17000,Dammam,173000.0
Mercedes,S,2014,124000,Dammam,215000.0
Chevrolet,Spark,2017,108000,Dammam,20000.0
Nissan,Sylvian Bus,1998,200000,Dammam,14000.0
Toyota,Camry,2001,439000,Dammam,12000.0
GMC,Yukon,2002,300000,Jeddah,10000.0
Hyundai,Sonata,2019,110875,Riyadh,57000.0
Renault,Dokker,2018,88000,Riyadh,30000.0
Toyota,Prado,2018,92000,Dammam,130000.0
Toyota,Land Cruiser,2021,15000,Dammam,262000.0
Ford,Fusion,2012,219000,Jazan,14500.0
Lexus,LX,2014,150000,Dammam,190000.0
Ford,Mustang,2001,163000,Jubail,12000.0
Toyota,Land Cruiser Pickup,2018,28000,Dammam,147000.0
Toyota,Hilux,2016,172000,Dammam,77000.0
Toyota,Land Cruiser,2019,63000,Dammam,252000.0
GMC,Sierra,2015,86000,Dammam,98000.0
Toyota,Land Cruiser,2019,53000,Dammam,255000.0
Lexus,LX,2020,9000,Dammam,423000.0
Hyundai,Elantra,2019,73000,Dammam,48500.0
GMC,Sierra,2015,77000,Dammam,105000.0
Toyota,FJ,2014,199000,Dammam,95000.0
HAVAL,H6,2020,20000,Dammam,57000.0
GMC,Sierra,2021,2000,Dammam,187000.0
Nissan,X-Terra,2013,95000,Qassim,61000.0
Toyota,Land Cruiser,2019,74000,Dammam,180000.0
Dodge,Charger,2019,56000,Al-Medina,108000.0
Mazda,CX9,2020,31200,Dammam,110000.0
Mercedes,S,2020,46000,Dammam,365000.0
Chevrolet,Tahoe,2019,117000,Riyadh,145000.0
Toyota,Previa,2017,139000,Riyadh,69000.0
Toyota,Land Cruiser,2014,106000,Riyadh,129000.0
Lexus,LX,2004,274000,Riyadh,65000.0
Mercedes,C,2016,140000,Dammam,105000.0
GMC,Sierra,2014,235000,Najran,72000.0
Mazda,6,2020,50000,Riyadh,100000.0
Hyundai,Other,2011,270000,Dammam,30000.0
Toyota,Camry,2015,310000,Makkah,30000.0
Honda,Accord,2015,124040,Al-Medina,75000.0
GMC,Suburban,2001,300000,Jeddah,15000.0
Nissan,Patrol,1999,600000,Al-Medina,16000.0
Ford,Expedition,2010,335000,Al-Medina,65000.0
Toyota,Hilux,2015,180000,Jazan,50000.0
Chevrolet,Tahoe,2005,404846,Al-Ahsa,13500.0
Mercedes,S,2012,170000,Jeddah,85000.0
Toyota,Yaris,2020,23000,Makkah,45000.0
Kia,K5,2021,18000,Riyadh,88000.0
Toyota,Prado,2014,160000,Al-Ahsa,79000.0
Kia,Sportage,2015,147000,Riyadh,38000.0
Honda,Civic,2008,450000,Dammam,15000.0
Mercedes,GLA,2016,203000,Riyadh,68000.0
Toyota,Camry,2005,437000,Qassim,13000.0
Toyota,Rush,2020,55000,Jeddah,52000.0
Nissan,Sunny,2011,212000,Riyadh,15000.0
Toyota,Hilux,2014,432000,Riyadh,45000.0
Chevrolet,Tahoe,2012,297000,Jeddah,52000.0
Toyota,Hilux,2015,374000,Hail,72000.0
Honda,Accord,2019,18000,Jeddah,95000.0
Ford,Marquis,2008,380000,Taef,15000.0
Chevrolet,Suburban,2011,399000,Al-Jouf,37000.0
Ford,Vego,2017,93000,Riyadh,26000.0
Kia,Sportage,2016,109000,Jubail,40000.0
Hyundai,Senta fe,2011,140000,Riyadh,39000.0
Toyota,Camry,2016,247000,Riyadh,55000.0
GMC,Sierra,2013,292000,Dammam,45000.0
Ford,Expedition,2018,44200,Dammam,159000.0
Hyundai,Senta fe,2009,260000,Riyadh,21000.0
Toyota,Avalon,2013,200300,Riyadh,43000.0
FAW,B50,2016,125000,Yanbu,20000.0
Honda,Accord,2012,300000,Tabouk,36000.0
Dodge,Durango,2013,253000,Riyadh,29000.0
Toyota,Hiace,2016,331000,Riyadh,62000.0
Hyundai,Sonata,2020,11000,Makkah,110000.0
Other,Other,2009,1300,Al-Medina,26000.0
Mercedes,C,2016,104000,Riyadh,110000.0
Hyundai,Bus County,2016,132852,Riyadh,85000.0
Toyota,Camry,2008,468000,Riyadh,22000.0
Maserati,Gamble,2015,76000,Khobar,150000.0
Toyota,Rav4,2017,190000,Jeddah,60000.0
Hyundai,Accent,2015,176000,Dammam,24000.0
Toyota,Furniture,2015,205000,Riyadh,61000.0
Kia,Carnival,2014,259066,Riyadh,40000.0
Mercedes,E,2017,21000,Dammam,275000.0
Ford,Expedition,2015,225000,Riyadh,80000.0
Nissan,Sunny,2018,99000,Dammam,26000.0
Jeep,Grand Cherokee,2012,210000,Riyadh,47000.0
Chevrolet,Tahoe,2017,153000,Dammam,125000.0
Toyota,Rush,2020,19000,Aseer,61000.0
Kia,Cerato,2018,57000,Dammam,39500.0
Jeep,Grand Cherokee,2015,196000,Makkah,83000.0
Lexus,LX,2021,9100,Dammam,459000.0
Mercedes,S,2021,49000,Jeddah,375000.0
Nissan,X-Trail,2016,115000,Riyadh,50000.0
Hyundai,Tucson,2011,190000,Jeddah,25000.0
Dodge,Charger,2016,99000,Riyadh,215000.0
Kia,Opirus,2006,25500,Riyadh,14000.0
Toyota,Yaris,2011,330000,Dammam,15000.0
Toyota,Camry,2009,374000,Al-Ahsa,25000.0
Ford,Expedition,2012,179500,Jeddah,50000.0
Ford,Explorer,2015,206400,Riyadh,53000.0
Nissan,Datsun,2016,22000,Riyadh,45000.0
Toyota,Camry,2016,75000,Riyadh,62000.0
Chevrolet,Caprice,2007,300000,Riyadh,15000.0
Ford,Taurus,2011,230000,Riyadh,35000.0
Mitsubishi,Pajero,2016,271000,Riyadh,55000.0
Toyota,Prado,2020,8000,Jeddah,174000.0
Toyota,Cressida,1996,100000,Al-Medina,6500.0
Kia,Mohave,2014,256000,Riyadh,30000.0
Hyundai,Tucson,2017,101000,Al-Medina,65000.0
Toyota,Corolla,2018,47286,Dammam,49000.0
Toyota,FJ,2017,127000,Dammam,117000.0
Hyundai,Azera,2016,146000,Jeddah,56500.0
Toyota,Prado,2005,315000,Makkah,30000.0
Ford,Taurus,2012,132000,Riyadh,45000.0
Ford,Expedition,2008,299000,Dammam,22000.0
Chevrolet,Optra,2009,290000,Dammam,7500.0
Hyundai,Accent,2013,85000,Al-Medina,16000.0
Mazda,CX9,2011,315000,Al-Medina,33000.0
BMW,The 5,2016,250000,Riyadh,59000.0
Toyota,Corolla,2018,245000,Khobar,41000.0
Lexus,LX,2017,80897,Riyadh,350000.0
Lexus,GX,2015,170000,Dammam,135000.0
Nissan,Datsun,2011,390000,Qassim,23500.0
Chevrolet,Tahoe,2015,179000,Riyadh,102000.0
Peugeot,301,2014,100000,Makkah,16000.0
Toyota,Land Cruiser 70,2012,286000,Tabouk,66000.0
Toyota,Camry,1999,400000,Tabouk,20000.0
Hyundai,Elantra,2011,290000,Riyadh,12000.0
Toyota,Camry,2016,180000,Riyadh,27000.0
Chrysler,C300,2013,178000,Dammam,45000.0
Chevrolet,Caprice,2013,54000,Dammam,79000.0
Toyota,Hilux,2015,310000,Riyadh,40000.0
Toyota,Land Cruiser,2012,311000,Jeddah,115000.0
Ford,Mustang,2007,300000,Jeddah,28000.0
Chevrolet,Tahoe,2011,275000,Aseer,40000.0
Chevrolet,Suburban,2012,220000,Jeddah,65000.0
Toyota,Yaris,2017,127000,Jeddah,29000.0
Toyota,Camry,2004,400000,Riyadh,15000.0
Kia,Cerato,2016,62000,Qassim,44000.0
Toyota,Furniture,2014,400000,Sakaka,50000.0
Toyota,FJ,2010,300700,Riyadh,60000.0
BMW,X,2004,150000,Jeddah,16000.0
Hyundai,H1,2014,185000,Al-Medina,39000.0
Kia,Rio,2019,48000,Riyadh,38000.0
Lexus,ES,2019,47000,Jeddah,190000.0
Toyota,Ciocca,2016,117000,Najran,140000.0
Lexus,GS,2018,95000,Riyadh,250000.0
Hyundai,Sonata,2019,28000,Riyadh,64000.0
Toyota,Yaris,2016,223000,Jubail,25000.0
Genesis,Prestige,2015,85343,Tabouk,81000.0
Toyota,Camry,2018,102000,Qassim,52000.0
Kia,Sorento,2016,116000,Riyadh,53000.0
Honda,Odyssey,2016,185000,Riyadh,52000.0
Hyundai,Accent,2010,198000,Qassim,12000.0
Nissan,Armada,2015,129500,Riyadh,40000.0
BMW,The 3,2017,110000,Khobar,75000.0
Dodge,Charger,2017,140000,Dammam,80000.0
Honda,Accord,2015,137000,Dammam,68000.0
Toyota,Hilux,2014,290000,Riyadh,40000.0
Jeep,Compass,2011,245000,Riyadh,24000.0
Mitsubishi,Attrage,2019,19000,Dammam,32000.0
Kia,Rio,2012,179000,Riyadh,18000.0
Toyota,Avalon,2019,65000,Dammam,123000.0
Mazda,3,2015,74000,Jeddah,55000.0
Ford,F150,2017,28000,Al-Medina,175000.0
Toyota,Yaris,2020,23000,Makkah,45000.0
Toyota,Land Cruiser Pickup,2020,31888,Riyadh,155000.0
Toyota,Hilux,1991,9999,Riyadh,16000.0
Toyota,Land Cruiser,2013,186000,Tabouk,138000.0
Hyundai,Sonata,2016,155000,Riyadh,48000.0
Toyota,Land Cruiser,2007,514000,Riyadh,60000.0
Lexus,LX,2014,168000,Aseer,190000.0
GMC,Suburban,2006,86000,Riyadh,50000.0
Nissan,Sentra,2019,71000,Riyadh,43500.0
GAC,GS3,2021,9000,Riyadh,46000.0
Mitsubishi,Pajero,2007,360000,Aseer,17500.0
Changan,Eado,2020,87235,Riyadh,42500.0
Toyota,Hilux,2016,28000,Dammam,94000.0
Mazda,6,2016,122000,Qassim,53000.0
Toyota,Avalon,2019,47000,Khobar,116000.0
Toyota,Corolla,2001,600000,Dammam,10000.0
Toyota,Hilux,1990,100000,Al-Baha,15000.0
Toyota,Coaster,2011,238000,Jubail,78000.0
GMC,Terrain,2014,112000,Dammam,47000.0
Toyota,Camry,2020,2000,Makkah,119000.0
Honda,CRV,2014,215000,Dammam,50000.0
Toyota,Corolla,2020,30500,Riyadh,62000.0
Lexus,LS,2013,217000,Jeddah,120000.0
Mercedes,S,2002,348000,Al-Ahsa,12500.0
Mitsubishi,Pajero,2016,201074,Riyadh,55000.0
Mitsubishi,Attrage,2021,3000,Jazan,35000.0
Lexus,ES,2008,206000,Jubail,28000.0
Mercedes,C,2016,93000,Jazan,75000.0
Ford,Victoria,2011,342000,Najran,23000.0
BMW,X,2015,92000,Jeddah,72000.0
MG,350,2013,150000,Riyadh,13900.0
Genesis,G70,2016,300000,Riyadh,65000.0
Hyundai,Accent,2014,324000,Taef,20000.0
Kia,Carenz,2007,350000,Riyadh,10000.0
Chevrolet,Impala,2015,106000,Al-Ahsa,75000.0
Ford,Expedition,2015,142000,Al-Ahsa,77000.0
Dodge,Charger,2018,124000,Al-Ahsa,99000.0
Ford,Fusion,2015,118000,Al-Ahsa,43000.0
Ford,Taurus,2016,148000,Al-Ahsa,77000.0
Toyota,Prado,2018,78000,Al-Ahsa,135000.0
GMC,Yukon,2018,114000,Al-Ahsa,152000.0
Lexus,ES,2017,101000,Al-Ahsa,119000.0
Ford,Edge,2013,106000,Al-Ahsa,45000.0
Mercedes,S,2010,228811,Al-Ahsa,70000.0
Toyota,Hilux,2016,90000,Al-Ahsa,79000.0
Toyota,Camry,2016,176000,Al-Ahsa,69000.0
Chevrolet,Aveo,2007,280000,Taef,8000.0
Nissan,Sunny,2018,114000,Tabouk,27000.0
Ford,Taurus,2019,60000,Dammam,78000.0
Hyundai,Accent,2019,68000,Dammam,40000.0
Lexus,ES,2019,13029,Riyadh,145000.0
Ford,Edge,2007,350000,Jeddah,16500.0
Toyota,Yaris,2017,250000,Aseer,26000.0
Mazda,6,2016,100000,Riyadh,46000.0
Kia,Carnival,2017,77000,Riyadh,58000.0
INFINITI,Q,2019,5000,Riyadh,90000.0
Chevrolet,Tahoe,2017,55000,Jeddah,153000.0
Toyota,Innova,2018,70000,Jeddah,67000.0
Jeep,Wrangler,2015,27956,Jeddah,105000.0
Mazda,CX5,2020,25000,Jeddah,84000.0
Nissan,Maxima,2017,56000,Jeddah,78000.0
Nissan,X-Trail,2018,78794,Jeddah,68000.0
Nissan,Maxima,2016,84000,Jeddah,67000.0
Nissan,KICKS,2020,3990,Jeddah,67000.0
Hyundai,Sonata,2018,41853,Jeddah,60000.0
Nissan,KICKS,2019,28000,Jeddah,58000.0
Chrysler,C300,2012,160000,Jeddah,55500.0
Renault,Duster,2017,124000,Riyadh,26000.0
Dodge,Charger,2013,145000,Yanbu,35000.0
Toyota,FJ,2020,87700,Riyadh,117000.0
Hyundai,Senta fe,2016,131000,Riyadh,65000.0
Kia,Cerato,2016,115000,Riyadh,28000.0
Land Rover,Range Rover,2013,223000,Dammam,80000.0
Chevrolet,Caprice,2010,260000,Riyadh,29000.0
Isuzu,Dyna,2014,300000,Riyadh,94000.0
MG,6,2019,107000,Jeddah,50000.0
Mercedes,C,2017,20000,Jeddah,180000.0
Audi,A7,2017,127000,Makkah,135000.0
Hyundai,Accent,2020,34000,Jeddah,56000.0
Lexus,ES,2021,25000,Makkah,230000.0
Toyota,Land Cruiser,2013,280000,Najran,100000.0
GMC,Yukon,2017,175000,Riyadh,120000.0
Jeep,Grand Cherokee,2017,124000,Riyadh,100000.0
Nissan,Pathfinder,2009,245000,Dammam,19000.0
Nissan,Sunny,2019,93000,Riyadh,29500.0
Hyundai,Elantra,2017,159000,Riyadh,39000.0
Kia,Carnival,2016,21000,Jazan,65000.0
Hyundai,Elantra,2017,126009,Riyadh,40500.0
Toyota,Innova,2017,167000,Jazan,70000.0
Toyota,Rav4,2017,126000,Riyadh,75000.0
Geely,Emgrand,2019,66000,Jeddah,40000.0
Nissan,Patrol,2005,340000,Dammam,35000.0
Chevrolet,Silverado,2018,127000,Dammam,85000.0
Porsche,Cayenne,2012,13900,Jeddah,95000.0
Toyota,Camry,2015,26000,Jeddah,43000.0
Jeep,Grand Cherokee,2014,270000,Jeddah,60000.0
Chevrolet,Silverado,2016,179000,Hail,95000.0
Chevrolet,Suburban,2004,368000,Riyadh,16000.0
Ford,Expedition,2018,36000,Riyadh,155000.0
Hyundai,Elantra,2018,142000,Jeddah,52000.0
Other,Other,2007,125000,Qassim,7000.0
Mercury,Montero2,2006,394360,Jeddah,15000.0
Hyundai,Elantra,2020,28000,Riyadh,58000.0
Toyota,Prado,2017,95000,Hafar Al-Batin,130000.0
Ford,Expedition,2006,400000,Al-Medina,20000.0
Toyota,Hilux,2020,30000,Wadi Dawasir,147000.0
Hyundai,i40,2015,48000,Jeddah,47000.0
Toyota,Hilux,2018,20000,Aseer,115000.0
Toyota,Land Cruiser,2003,479364,Riyadh,35000.0
Toyota,Land Cruiser,2014,310000,Sakaka,100000.0
GMC,Acadia,2008,229000,Jeddah,19000.0
Toyota,Land Cruiser,2001,390000,Dammam,35000.0
Hyundai,Senta fe,2013,237000,Riyadh,43000.0
Toyota,Camry,2016,96000,Riyadh,60000.0
Nissan,Land Cruiser Pickup,2012,339822,Riyadh,40000.0
Changan,Eado,2020,9061,Dammam,50000.0
Audi,A8,2015,9400,Riyadh,110000.0
Toyota,Prado,2014,204566,Khobar,75000.0
Chevrolet,Tahoe,2020,20000,Taef,172000.0
Toyota,FJ,2014,149000,Riyadh,75000.0
Toyota,Avalon,2017,180000,Taef,95000.0
BMW,The 3,2021,3500,Jeddah,180000.0
Honda,Accord,2012,300000,Al-Namas,30000.0
Renault,Dokker,2017,80000,Dammam,25000.0
MINI,Countryman,2016,91000,Al-Ahsa,69000.0
Cadillac,Fleetwood,1991,91000,Al-Ahsa,65000.0
Kia,Rio,2016,154000,Dammam,23000.0
Ford,Taurus,2012,237000,Riyadh,25000.0
Hyundai,Azera,2018,72900,Riyadh,80000.0
Ford,Marquis,2009,274000,Jazan,35500.0
Audi,A8,2014,160000,Riyadh,90000.0
Mazda,CX9,2016,169300,Dammam,65000.0
Volkswagen,Tiguan,2011,143000,Jeddah,24000.0
Honda,Accord,2004,400000,Qassim,10000.0
Mercury,Grand Marquis,2001,33000,Riyadh,6000.0
BMW,X,2020,22000,Dammam,130000.0
Kia,Sportage,2019,75000,Al-Ahsa,60000.0
GMC,Yukon,2009,200000,Taef,40000.0
Chevrolet,Silverado,2014,164000,Abha,80000.0
Lexus,LX,2015,100000,Taef,195000.0
Nissan,Altima,2015,13000,Qassim,51000.0
Hyundai,Accent,2015,105000,Dammam,24000.0
Mazda,CX9,2016,229000,Al-Ahsa,63000.0
Toyota,Innova,2006,550000,Riyadh,18000.0
Cadillac,STS,2005,189000,Jazan,20000.0
Hyundai,Elantra,2020,132000,Dammam,53000.0
Hyundai,Accent,2020,10400,Dammam,53000.0
Honda,Accord,2009,159000,Dammam,36000.0
Nissan,Altima,2009,200000,Jeddah,20000.0
Toyota,Furniture,2021,3000,Makkah,100000.0
Nissan,Patrol,2021,1800,Riyadh,265000.0
Ford,Taurus,2014,211886,Al-Ahsa,42000.0
Toyota,Land Cruiser,2012,405000,Riyadh,97000.0
Nissan,Datsun,2016,125000,Riyadh,47000.0
GMC,Yukon,2010,256000,Tabouk,30000.0
Kia,Cerato,2010,293300,Jeddah,13500.0
Hyundai,Senta fe,2018,60670,Riyadh,75000.0
GMC,Yukon,2011,307216,Jazan,30000.0
Toyota,Camry,2016,222000,Al-Medina,58000.0
Nissan,X-Trail,2017,331612,Riyadh,46000.0
Chevrolet,Tahoe,2019,34475,Riyadh,155000.0
Mazda,6,2006,256000,Al-Ahsa,13000.0
GMC,Yukon,2013,327000,Dammam,45000.0
GMC,Yukon,2006,377000,Riyadh,20000.0
Hyundai,Elantra,2015,276000,Al-Medina,30000.0
Hyundai,Elantra,2015,250000,Al-Ahsa,32000.0
Toyota,Corolla,2015,177000,Arar,35500.0
Ford,Expedition,2016,265000,Dammam,115000.0
GMC,Yukon,2015,292000,Aseer,75000.0
Land Rover,Range Rover,2017,72500,Al-Medina,295000.0
Nissan,Patrol,1997,200000,Qassim,17000.0
Geely,EC8,2013,180000,Makkah,12000.0
Lexus,LX,2005,225000,Abha,45000.0
Jeep,Cherokee,1999,250000,Jeddah,15000.0
Hyundai,Accent,2016,98000,Dammam,26000.0
Ford,Explorer,2006,405000,Riyadh,18000.0
Ford,Expedition,2007,250000,Riyadh,25000.0
Toyota,Land Cruiser Pickup,2018,75000,Dammam,125000.0
Mazda,6,2009,299000,Al-Baha,15000.0
Honda,Accord,2016,61000,Dammam,69000.0
Hyundai,Accent,2018,31000,Dammam,35000.0
Toyota,Camry,2013,185000,Riyadh,42000.0
Mercedes,S,2016,14000,Al-Ahsa,270000.0
GMC,Yukon,1995,275000,Al-Ahsa,18000.0
Toyota,Prado,2015,160000,Dammam,98000.0
Nissan,Altima,2015,90000,Riyadh,28000.0
Hyundai,Tucson,2016,200000,Riyadh,39000.0
Renault,Logan,2014,210000,Riyadh,10000.0
Mercedes,S,2016,35000,Riyadh,220000.0
Toyota,Land Cruiser Pickup,2021,7000,Aseer,125000.0
Renault,Dokker,2020,72000,Riyadh,29000.0
Kia,Sportage,2014,150000,Aseer,33000.0
Lincoln,Town Car,2005,286000,Jeddah,14000.0
Ford,Vego,2016,58478,Jubail,20000.0
Toyota,FJ,2015,228000,Jeddah,90000.0
Chevrolet,Tahoe,2010,434758,Riyadh,40000.0
Toyota,Land Cruiser Pickup,2016,315000,Dammam,85000.0
Dodge,Charger,2019,55000,Dammam,109000.0
Kia,Rio,2018,85000,Riyadh,30000.0
Hyundai,Sonata,2017,42157,Qassim,55000.0
Chevrolet,Tahoe,2010,272000,Riyadh,40000.0
BMW,X,2008,300000,Riyadh,35000.0
Jeep,Wrangler,2019,79000,Jazan,140000.0
Mazda,6,2014,250000,Riyadh,31000.0
Hyundai,Sonata,2011,261240,Riyadh,27000.0
Mercedes,C,2015,73000,Riyadh,110000.0
Mercedes,ML,2015,125000,Jeddah,100000.0
Nissan,Altima,2015,119500,Qassim,47000.0
Toyota,Camry,2017,73000,Dammam,58000.0
Nissan,Sunny,2016,156103,Qassim,23000.0
Toyota,Land Cruiser,2013,200000,Dammam,125000.0
Toyota,Camry,2008,280000,Jeddah,17000.0
Toyota,Furniture,2015,26000,Dammam,52000.0
Toyota,Furniture,2011,304000,Jeddah,32000.0
Toyota,Camry,2017,55000,Dammam,56000.0
Toyota,Land Cruiser,2021,10000,Dammam,290000.0
Chevrolet,Tahoe,2014,315000,Dammam,52000.0
Toyota,Hilux,2012,394000,Qassim,40000.0
Mercedes,CLS,2007,178000,Dammam,33000.0
Audi,Q5,2018,71000,Riyadh,164000.0
Mercedes,ML,2010,139240,Jeddah,45000.0
Mitsubishi,Lancer,2014,150000,Jeddah,16000.0
Toyota,Corolla,2012,254000,Dammam,22000.0
Toyota,Hilux,2018,48000,Aseer,90000.0
Chevrolet,Tahoe,2008,296000,Riyadh,32000.0
Mercedes,C,2016,129000,Dammam,134000.0
Nissan,Datsun,2015,28000,Aseer,48000.0
Mercedes,S,2012,105000,Riyadh,98000.0
Chevrolet,Abeka,2008,260000,Taef,14000.0
Dodge,Durango,2019,13906,Riyadh,210000.0
Chevrolet,Malibu,2014,280000,Riyadh,35000.0
Toyota,Hiace,2014,188000,Riyadh,44000.0
Kia,Sorento,2016,111018,Dammam,50000.0
Toyota,FJ,2014,190000,Jeddah,85000.0
Toyota,FJ,2014,377000,Jeddah,75000.0
Geely,Emgrand,2020,37000,Qassim,58000.0
Chevrolet,Suburban,2015,118000,Riyadh,91000.0
Hyundai,i10,2012,172953,Jeddah,9000.0
Chevrolet,Caprice,2009,350000,Al-Baha,15000.0
Mazda,6,2015,278000,Jubail,40000.0
Chevrolet,Malibu,2013,220000,Jeddah,21000.0
INFINITI,Q,2016,13000,Dammam,95000.0
Mitsubishi,Pajero,2017,48000,Jeddah,85000.0
Toyota,Camry,2010,255000,Jeddah,33500.0
Honda,Accord,2017,141000,Hail,55000.0
Porsche,Other,2020,18000,Khobar,375000.0
Mercedes,S,2017,26000,Riyadh,245000.0
Chevrolet,Suburban,2015,164000,Dammam,110000.0
Fiat,500,2016,155000,Riyadh,45000.0
Honda,Accord,2019,81000,Dammam,95000.0
GMC,Yukon,2018,107000,Dammam,145000.0
BMW,The 7,2015,142000,Riyadh,110000.0
Suzuki,Vitara,2006,139000,Qassim,12000.0
Toyota,Hilux,2015,328000,Qassim,66000.0
Toyota,Yaris,2015,200000,Jeddah,25000.0
Mercedes,E,2016,43000,Jeddah,125000.0
Suzuki,Dzire,2020,8500,Riyadh,33000.0
Mercedes,S,2016,56000,Dammam,240000.0
Chevrolet,Caprice,2010,250000,Dammam,20000.0
Chevrolet,Aveo,2008,30000,Jeddah,4500.0
Chevrolet,Caprice,2013,215000,Abha,42000.0
Toyota,Furniture,2015,94000,Jeddah,70000.0
Kia,Cerato,2016,18000,Al-Ahsa,31000.0
Hyundai,Azera,2014,142000,Dammam,50000.0
Toyota,Yaris,2019,70000,Dammam,39000.0
Toyota,Corolla,2018,46423,Dammam,49000.0
Hyundai,H1,2018,151000,Dammam,58000.0
Hyundai,Sonata,2016,280000,Riyadh,34000.0
Toyota,Land Cruiser,2016,107000,Najran,185000.0
Honda,Accord,2013,363000,Al-Medina,42500.0
Land Rover,Range Rover,2018,39000,Jeddah,150000.0
Chevrolet,Suburban,2013,112412,Riyadh,75000.0
Lexus,LX,2006,246000,Jeddah,37000.0
Toyota,Furniture,2009,270000,Al-Ahsa,35000.0
Lexus,LS,2006,360000,Taef,38000.0
Chevrolet,Tahoe,2007,257000,Jeddah,35000.0
Ford,Marquis,2010,200000,Riyadh,18000.0
Hyundai,Sonata,2017,69000,Dammam,51000.0
Toyota,Camry,2016,63000,Dammam,58000.0
Toyota,Hilux,2018,192700,Dammam,78000.0
Toyota,Camry,2016,194710,Abha,55000.0
Chevrolet,Malibu,2015,176000,Jeddah,27000.0
Nissan,Pathfinder,2010,400000,Hail,22500.0
Land Rover,LR2,2010,200000,Jeddah,30000.0
Hyundai,Accent,2020,2600,Al-Ahsa,45000.0
Toyota,Prado,2018,56000,Riyadh,150000.0
Jaguar,XJ,2015,57000,Jeddah,180000.0
Hyundai,Accent,2016,151000,Jeddah,25000.0
Volkswagen,Passat,2016,49000,Jeddah,49000.0
BMW,The 7,2012,224000,Riyadh,45000.0
Mercedes,S,2008,256000,Jeddah,38000.0
Ford,Marquis,2007,260000,Tabouk,18000.0
Daihatsu,Terios,2014,118000,Jeddah,37000.0
Lexus,ES,2019,33000,Riyadh,150000.0
Lexus,ES,2019,39000,Riyadh,150000.0
Lexus,ES,2018,27000,Riyadh,122000.0
Hyundai,Sonata,2015,110000,Qurayyat,43000.0
Chevrolet,Blazer,2008,128000,Wadi Dawasir,15000.0
Honda,City,2018,36000,Qassim,35000.0
Honda,Accord,2017,63000,Riyadh,82000.0
Jeep,Wrangler,2014,262000,Dammam,65000.0
Ford,Victoria,2011,128000,Najran,48000.0
Ford,Explorer,2003,360000,Khobar,8000.0
Hyundai,Elantra,2017,86000,Hail,34000.0
Toyota,Camry,2003,600000,Jubail,17000.0
Kia,Cerato,2016,118000,Riyadh,34000.0
Ford,F150,2017,53000,Dammam,140000.0
Mazda,3,2015,74000,Jeddah,27000.0
Toyota,Corolla,2015,84000,Dammam,42000.0
Chevrolet,Malibu,2018,56500,Qassim,68000.0
Nissan,Sunny,2018,43000,Riyadh,30000.0
Lexus,ES,2014,230000,Jubail,82000.0
Chevrolet,Tahoe,2008,247000,Al-Ahsa,42500.0
Porsche,Cayenne Turbo,2008,152750,Riyadh,50000.0
Ford,Explorer,2014,209500,Riyadh,56000.0
Toyota,Corolla,2018,45370,Dammam,49000.0
Toyota,Prado,2006,600000,Jazan,33000.0
Hyundai,Azera,2019,91000,Riyadh,77000.0
Toyota,Avalon,2021,100,Arar,185000.0
Mazda,CX9,2015,274000,Riyadh,66000.0
Lincoln,Continental GT,2020,3500,Dammam,250000.0
Toyota,Furniture,2010,200000,Makkah,36000.0
Hyundai,H1,2018,74000,Dammam,77000.0
Toyota,Yaris,2019,112000,Dammam,39500.0
GMC,Acadia,2016,108000,Dammam,60000.0
Hyundai,H1,2016,155000,Riyadh,47000.0
Nissan,Z350,2006,105342,Dammam,50000.0
Honda,Accord,2016,89000,Riyadh,80000.0
Mitsubishi,Pajero,2014,200000,Qassim,39000.0
Toyota,Furniture,2017,236000,Riyadh,75000.0
Ford,Mustang,2015,111000,Makkah,92999.0
Kia,Carnival,2016,160000,Jeddah,60000.0
Ford,Expedition,2013,187000,Al-Ahsa,60000.0
Other,Other,2019,4000,Jeddah,39000.0
Dodge,Nitro,2011,230000,Riyadh,17000.0
Toyota,Hilux,2014,230000,Riyadh,61000.0
Toyota,Camry,2010,370000,Tabouk,25000.0
Toyota,Corolla,2018,87000,Dammam,50000.0
Dodge,Charger,2021,1700,Makkah,110000.0
Peugeot,301,2014,170000,Jubail,18500.0
Nissan,Navara,2015,129000,Jeddah,40000.0
Ford,Victoria,2008,21000,Riyadh,13000.0
Audi,A3,2016,70000,Riyadh,68000.0
Lexus,LX,2020,105,Riyadh,425000.0
BMW,The 7,2003,106000,Abha,34000.0
GMC,Sierra,2016,205000,Riyadh,98000.0
Nissan,KICKS,2017,68000,Riyadh,54000.0
Chevrolet,Impala,2014,155000,Riyadh,40000.0
Ford,Mustang,2019,86000,Jeddah,125000.0
Victory Auto,Van R,2017,1500,Hafar Al-Batin,31000.0
Kia,Optima,2015,100000,Riyadh,37000.0
Toyota,Land Cruiser,2011,79000,Riyadh,145000.0
Lexus,LS,2018,23000,Al-Ahsa,265000.0
Toyota,FJ,2008,512000,Riyadh,40000.0
Toyota,Toyota 86,2015,298000,Riyadh,79000.0
Toyota,Hiace,2015,23000,Riyadh,49000.0
Nissan,Altima,2017,40000,Riyadh,67000.0
Hyundai,Accent,2017,169700,Dammam,30000.0
Hyundai,Accent,2019,56000,Dammam,40000.0
Toyota,Hiace,2015,200000,Riyadh,47000.0
Toyota,Hiace,2016,168000,Riyadh,47000.0
Chrysler,C300,2008,390000,Riyadh,25000.0
Hyundai,Tucson,2016,155000,Dammam,45000.0
Chevrolet,Tahoe,2016,124000,Dammam,120000.0
Land Rover,Range Rover,2020,11500,Riyadh,510000.0
Hyundai,Senta fe,2015,122000,Jazan,45000.0
Hyundai,Accent,2019,59800,Dammam,37000.0
Ford,Taurus,2017,61000,Dammam,63000.0
Kia,Optima,2014,200000,Al-Medina,50000.0
Hyundai,H1,2017,145000,Al-Medina,58000.0
Mazda,323,2002,361056,Jeddah,7000.0
BMW,The 7,2019,6000,Riyadh,335000.0
Toyota,Corolla,2013,334000,Qassim,36500.0
Toyota,Camry,2016,116987,Qassim,58000.0
Ford,Expedition,2013,147000,Dammam,50000.0
Dodge,Durango,2020,36500,Taef,130000.0
Mercedes,S,2012,131000,Riyadh,95000.0
Toyota,Camry,2021,555,Al-Namas,119000.0
Honda,Crosstour,2012,240000,Jeddah,38000.0
Toyota,Innova,2015,226000,Riyadh,45000.0
Toyota,Furniture,2020,16000,Riyadh,128000.0
Mazda,6,2015,82000,Riyadh,51000.0
Chrysler,C300,2018,65000,Riyadh,123000.0
Ford,Fusion,2016,81000,Riyadh,46000.0
Honda,Accord,2016,75000,Riyadh,66000.0
Chrysler,C300,2018,70000,Riyadh,123000.0
Lexus,ES,2019,33000,Riyadh,150000.0
Chevrolet,Tahoe,2019,40000,Riyadh,145000.0
Toyota,FJ,2016,381000,Riyadh,88000.0
Toyota,Land Cruiser,2014,316000,Riyadh,145000.0
Chevrolet,Impala,2015,119000,Riyadh,47000.0
Honda,Odyssey,2016,80000,Riyadh,73000.0
GMC,Yukon,2020,1800,Riyadh,185000.0
Ford,Expedition,2016,95000,Riyadh,72000.0
Toyota,Hiace,2016,96000,Riyadh,65000.0
Honda,Accord,2016,106000,Riyadh,66000.0
Toyota,Innova,2020,74000,Riyadh,75000.0
Chevrolet,Impala,2019,107000,Riyadh,73000.0
Toyota,FJ,2016,381000,Riyadh,88000.0
Kia,Cerato,2016,50000,Riyadh,29000.0
Ford,Expedition,2016,120000,Riyadh,72000.0
Toyota,Furniture,2020,18000,Riyadh,128000.0
Honda,Accord,2016,83000,Riyadh,66000.0
Toyota,Hilux,2017,44000,Riyadh,78000.0
Chevrolet,Cruze,2016,154000,Riyadh,25000.0
Nissan,Bus Urvan,2017,104000,Riyadh,66000.0
Renault,Dokker,2016,155000,Riyadh,20000.0
Nissan,Patrol,2015,190000,Riyadh,99000.0
Nissan,Datsun,2016,68000,Riyadh,48000.0
Ford,Expedition,2016,98000,Riyadh,72000.0
Chevrolet,Tahoe,2016,197000,Riyadh,105000.0
Nissan,Patrol,2017,93000,Riyadh,145000.0
Honda,Accord,2016,68000,Riyadh,66000.0
Mazda,6,2017,70000,Riyadh,53000.0
Mazda,6,2015,82000,Riyadh,51000.0
Kia,Cerato,2016,47000,Riyadh,29000.0
Lexus,ES,2017,100000,Riyadh,105000.0
Toyota,Land Cruiser,2019,62000,Riyadh,195000.0
Mazda,BT-50,2015,105000,Riyadh,27000.0
Mazda,6,2012,129000,Riyadh,19000.0
Lexus,ES,2018,28000,Riyadh,122000.0
Land Rover,Range Rover,2013,48000,Riyadh,103000.0
Toyota,Camry,2018,80000,Riyadh,95000.0
Toyota,Hilux,2018,126000,Riyadh,82000.0
Toyota,Furniture,2014,182000,Dammam,50000.0
Ford,Expedition,2013,169000,Riyadh,44000.0
Ford,Mustang,2015,157000,Riyadh,80000.0
Honda,Accord,2014,215000,Riyadh,45000.0
Toyota,Furniture,2013,182000,Jeddah,68500.0
Honda,Accord,2016,233000,Dammam,48000.0
Kia,Optima,2015,71000,Riyadh,45000.0
Ford,Marquis,2010,500000,Qassim,20000.0
Chevrolet,Suburban,2015,205000,Riyadh,85000.0
Suzuki,SX4,2009,150000,Jeddah,10000.0
Jeep,Grand Cherokee,2013,226000,Aseer,45000.0
Toyota,Hiace,2013,300000,Jeddah,42000.0
Ford,Expedition,2014,170000,Riyadh,40000.0
Hyundai,Elantra,2012,222000,Makkah,17500.0
Mitsubishi,Pajero,2017,54000,Jeddah,73000.0
Ford,Victoria,2006,234000,Taef,22000.0
Hyundai,Accent,2019,58000,Riyadh,39000.0
Hyundai,Tucson,2016,170000,Riyadh,58000.0
Geely,EC7,2016,42420,Taef,35000.0
Toyota,Prado,2015,160000,Aseer,105000.0
Hyundai,Elantra,2018,57000,Riyadh,44000.0
Mazda,3,2016,165000,Dammam,45000.0
Toyota,Corolla,2018,43000,Riyadh,54500.0
Toyota,Hilux,2018,59000,Jeddah,66000.0
Toyota,Land Cruiser,2021,20000,Dammam,296000.0
Nissan,Datsun,2016,87300,Dammam,53500.0
Mitsubishi,Pajero,2018,5000,Dammam,109000.0
Hyundai,Azera,2019,44271,Dammam,95000.0
Ford,Victoria,2011,150000,Jeddah,25000.0
Hyundai,Sonata,2013,181000,Aseer,27000.0
Chevrolet,Caprice,2013,111000,Dammam,79000.0
Toyota,Furniture,2019,25000,Riyadh,125000.0
Other,Other,2021,3000,Jeddah,5500.0
Land Rover,Range Rover,2018,44000,Jeddah,365000.0
Toyota,Avanza,2018,41000,Riyadh,45000.0
Chevrolet,Caprice,2013,114000,Dammam,79000.0
Kia,Optima,2015,220000,Hafar Al-Batin,42000.0
GMC,Yukon,2010,340000,Abha,62000.0
Toyota,Land Cruiser,2020,29277,Riyadh,180000.0
Geely,X7,2017,65000,Riyadh,45000.0
Volkswagen,Tiguan,2019,60000,Riyadh,114000.0
Lexus,LX,2015,151000,Riyadh,156500.0
Toyota,Land Cruiser,2018,42000,Riyadh,241000.0
Chevrolet,Tahoe,2016,168000,Riyadh,114500.0
Toyota,Hilux,2020,15000,Riyadh,105000.0
Foton,Suvana,2017,11000,Riyadh,43000.0
Volkswagen,Beetle,2015,89000,Jeddah,54000.0
Dodge,Charger,2019,48000,Dammam,85000.0
Nissan,X-Trail,2016,142000,Aseer,46000.0
Cadillac,ATS,2016,88000,Al-Medina,70000.0
Land Rover,Range Rover,2016,139000,Dammam,288000.0
Nissan,Pathfinder,2006,300000,Riyadh,15000.0
Hyundai,Sonata,2016,183700,Jeddah,45000.0
Toyota,Innova,2020,750,Al-Medina,83000.0
GMC,Acadia,2012,220000,Riyadh,40000.0
Toyota,Hilux,2017,106737,Jazan,75000.0
Kia,Optima,2015,359397,Riyadh,35000.0
Toyota,FJ,2008,390000,Riyadh,52000.0
Isuzu,D-MAX,2020,37000,Qassim,125000.0
Toyota,Camry,2019,97000,Dammam,90000.0
Toyota,Land Cruiser,2003,300000,Riyadh,40000.0
Hyundai,Sonata,2018,100000,Riyadh,52000.0
Mazda,CX9,2014,195000,Jeddah,46000.0
Honda,Odyssey,2010,200000,Riyadh,22000.0
Jeep,Liberty,2012,128000,Riyadh,25000.0
Toyota,Camry,2001,346900,Dammam,17000.0
Kia,Cadenza,2017,15000,Riyadh,60000.0
Mazda,CX9,2019,33501,Jeddah,127000.0
Hyundai,Sonata,2007,255559,Al-Medina,15000.0
Hyundai,Coupe,2013,80000,Jeddah,65000.0
Hyundai,Sonata,2012,257000,Riyadh,28000.0
Toyota,Furniture,2015,243000,Riyadh,55000.0
Toyota,FJ,2013,364000,Hafar Al-Batin,65000.0
Nissan,Altima,2018,77000,Jeddah,65000.0
Mercedes,ML,2013,97000,Al-Medina,99000.0
Hyundai,Accent,2018,97300,Dammam,31000.0
GMC,Yukon,2009,523000,Al-Ahsa,45000.0
Toyota,Avalon,2015,167000,Riyadh,51000.0
Lexus,RC,2019,42000,Dammam,215000.0
Chevrolet,Tahoe,2013,201866,Riyadh,57000.0
Hyundai,Sonata,2017,155000,Riyadh,54000.0
Hyundai,Sonata,2016,78220,Qassim,62000.0
Nissan,Sunny,2019,92300,Riyadh,29000.0
Hyundai,Sonata,2020,44000,Riyadh,88000.0
Toyota,Hiace,2016,184000,Riyadh,70000.0
Mitsubishi,Pajero,2017,69000,Dammam,77000.0
Ford,Taurus,2018,95000,Dammam,75000.0
Hyundai,Accent,2019,62500,Dammam,37000.0
Ford,Taurus,2016,148000,Makkah,58000.0
Toyota,Land Cruiser,2014,213000,Dammam,138000.0
Mitsubishi,Pajero,2016,126000,Dammam,64000.0
Hyundai,H1,2018,129000,Riyadh,55000.0
Kia,Cerato,2020,36000,Riyadh,53000.0
Chrysler,C300,2008,114000,Riyadh,20000.0
Hyundai,Accent,2018,130000,Dammam,32000.0
Mazda,CX9,2015,138020,Qassim,58000.0
Kia,Cerato,2017,77500,Jeddah,42000.0
GMC,Yukon,2011,320000,Jeddah,50000.0
Toyota,Coaster,2016,47500,Al-Medina,140000.0
Kia,Cerato,2014,187000,Riyadh,25000.0
Toyota,Camry,2014,183000,Dammam,34000.0
Genesis,Prestige Plus,2016,132300,Riyadh,70000.0
Toyota,Land Cruiser,2002,400000,Jazan,40000.0
MINI,Copper,2016,107000,Dammam,80000.0
Toyota,Land Cruiser,2015,92000,Jeddah,165000.0
Toyota,Land Cruiser,2014,178000,Jeddah,155000.0
Toyota,Furniture,2020,1200,Jeddah,110000.0
Toyota,Hilux,2016,86000,Jubail,60000.0
Toyota,Land Cruiser 70,2012,327193,Riyadh,75000.0
Ford,Taurus,2011,369000,Riyadh,37500.0
Hyundai,Elantra,2017,126009,Riyadh,40500.0
Hyundai,Tucson,2016,147000,Khobar,45000.0
Dodge,Charger,2014,180000,Jeddah,35000.0
FAW,X40,2020,53000,Jeddah,35000.0
Chevrolet,Traverse,2017,308400,Riyadh,45000.0
Mazda,BT-50,2012,273000,Yanbu,19000.0
Toyota,Land Cruiser,2007,400000,Taef,30000.0
Toyota,Hiace,2015,280000,Jazan,50000.0
Mercury,Montero1,2008,160000,Makkah,12000.0
Chevrolet,Aveo,2011,102000,Qassim,11000.0
Chevrolet,Abeka,2009,370000,Jeddah,11000.0
Mercedes,E,2015,127000,Jeddah,85000.0
Dodge,Challenger,2013,249000,Jeddah,70000.0
Hyundai,Senta fe,2013,282000,Riyadh,43000.0
Mercury,Montero1,2008,160000,Makkah,12000.0
Hyundai,Azera,2018,76000,Dammam,78000.0
Nissan,Maxima,2011,34000,Dammam,20000.0
Toyota,Land Cruiser,2012,109000,Al-Baha,120000.0
Volkswagen,CC,2014,163672,Riyadh,55000.0
GMC,Sierra,2012,329000,Dammam,40000.0
Ford,Explorer,2014,150000,Dammam,50000.0
Toyota,Hilux,2019,80000,Riyadh,120000.0
Hyundai,Elantra,2017,136000,Al-Ahsa,39000.0
Chrysler,C300,2016,121000,Qassim,72000.0
Toyota,Hiace,2016,350000,Dammam,60000.0
Jaguar,XF,2015,100000,Makkah,65000.0
Ford,Taurus,2010,337000,Riyadh,25000.0
Ford,Mustang,2020,19000,Riyadh,160000.0
Ford,Taurus,2010,360000,Riyadh,23000.0
Chevrolet,Cruze,2015,119000,Dammam,27500.0
Ford,Expedition,2014,162000,Dammam,55000.0
GMC,Yukon,2008,500000,Riyadh,33000.0
Chevrolet,Spark,2019,58000,Riyadh,26000.0
Mitsubishi,Pajero,2012,360000,Riyadh,24000.0
Mercedes,E,2017,134000,Jeddah,155000.0
Changan,Eado,2020,61760,Riyadh,42000.0
Hyundai,Sonata,2017,92000,Dammam,54000.0
Ford,Marquis,2009,260000,Riyadh,22000.0
Toyota,Rav4,2018,56625,Al-Ahsa,82500.0
GMC,Yukon,2003,240000,Riyadh,15000.0
Chrysler,300,2007,240000,Dammam,17000.0
Mercedes,S,2007,315000,Dammam,42000.0
Ford,Edge,2011,231000,Riyadh,35000.0
Chevrolet,Malibu,2013,250000,Dammam,30000.0
Lexus,LS,2015,51000,Riyadh,200000.0
Tata,Bus,2010,363000,Dammam,45000.0
Ford,Fusion,2012,240000,Jeddah,19500.0
Toyota,Hilux,2015,105400,Dammam,62000.0
Ford,Taurus,2017,135000,Dammam,65000.0
Toyota,Innova,2015,250000,Makkah,38500.0
GMC,Yukon,2010,335000,Riyadh,32000.0
Mitsubishi,Pajero,2016,200000,Al-Medina,60000.0
Nissan,Pathfinder,2005,308000,Dammam,13000.0
Toyota,Land Cruiser,2013,378000,Hail,75000.0
Toyota,Avalon,2020,30000,Riyadh,127000.0
Toyota,Camry,2012,217000,Riyadh,39500.0
Hyundai,H1,2014,220000,Jazan,50000.0
Audi,A5,2016,108000,Riyadh,80000.0
Land Rover,Range Rover,2006,220000,Dammam,30000.0
Toyota,Prado,2017,89000,Dammam,118000.0
Kia,Sorento,2017,79260,Dammam,70000.0
Hyundai,Elantra,2020,120000,Dammam,53000.0
Hyundai,Elantra,2020,102000,Dammam,53000.0
Mazda,6,2016,267000,Dammam,50000.0
Toyota,Corolla,2017,100000,Dammam,44000.0
Ford,Taurus,2015,120000,Dammam,65000.0
Toyota,Camry,2017,180000,Dammam,58000.0
Toyota,Hilux,2015,246000,Dammam,57000.0
Hyundai,Elantra,2018,116000,Dammam,48000.0
Toyota,Corolla,2017,110000,Dammam,45000.0
Ford,Ranger,2015,219000,Dammam,45000.0
Kia,Optima,2014,241000,Dammam,35000.0
Nissan,Sunny,2019,68000,Dammam,33000.0
Nissan,Sunny,2019,60700,Dammam,33000.0
Chevrolet,Colorado,2013,196000,Dammam,28000.0
Chevrolet,Colorado,2013,196000,Dammam,28000.0
Hyundai,Accent,2016,178000,Dammam,25000.0
Toyota,Yaris,2019,54000,Qassim,35000.0
Ford,F150,2016,115000,Qassim,93000.0
Mercedes,GL,2015,178000,Riyadh,145000.0
Genesis,Coupe,2014,89000,Dammam,65000.0
Nissan,X-Trail,2018,23936,Riyadh,72000.0
Mercedes,C,2015,85000,Qassim,119000.0
Hyundai,Sonata,2016,136000,Riyadh,42500.0
Chevrolet,Malibu,2017,146000,Riyadh,40500.0
Mazda,CX3,2019,25000,Abha,58000.0
Chevrolet,Impala,2019,178000,Riyadh,67000.0
Chevrolet,Tahoe,2015,188000,Riyadh,100000.0
Hyundai,Accent,2018,68000,Riyadh,36500.0
Toyota,Prado,2019,65000,Riyadh,151000.0
Toyota,Prado,2019,82000,Riyadh,149000.0
Chevrolet,Tahoe,2015,188000,Riyadh,99500.0
Chrysler,C300,2012,230000,Riyadh,35000.0
Lexus,LX,2013,256000,Riyadh,155000.0
Hyundai,Accent,2017,158000,Dammam,29000.0
Nissan,Altima,2015,60829,Qassim,48000.0
Hyundai,Veloster,2013,149675,Jeddah,25000.0
Ford,Victoria,1998,40000,Riyadh,5000.0
Toyota,Corolla,2018,40000,Dammam,42000.0
Porsche,Cayenne,2015,114000,Riyadh,155000.0
Toyota,Hilux,2015,239900,Dammam,46000.0
Toyota,Prado,2012,240000,Jazan,70000.0
Hyundai,Senta fe,2012,200000,Al-Medina,29000.0
Toyota,Land Cruiser,2006,382000,Al-Ahsa,45000.0
Chevrolet,Malibu,2015,190217,Aseer,27000.0
Kia,Rio,2014,203331,Makkah,20000.0
Ford,Explorer,2006,35000,Aseer,15000.0
Cadillac,CT6,2017,70000,Jeddah,175000.0
Škoda,Fabia,2007,219000,Riyadh,6000.0
Nissan,Altima,2017,64000,Riyadh,58000.0
Land Rover,Range Rover,2014,48000,Jeddah,100000.0
Mercedes,ML,2000,111744,Jeddah,18000.0
Land Rover,LR2,2013,128301,Jeddah,75000.0
Toyota,Corolla,2006,320000,Al-Ahsa,18000.0
Toyota,Rav4,2001,480000,Jeddah,14000.0
Ford,Taurus,2013,300000,Dammam,40000.0
Toyota,Camry,2010,400000,Riyadh,22000.0
Toyota,Camry,2020,10616,Al-Medina,104500.0
Nissan,Maxima,2004,230000,Riyadh,15000.0
Mitsubishi,Pajero,2016,200000,Qassim,53000.0
Hyundai,Elantra,2017,135000,Riyadh,35000.0
Hyundai,Azera,2011,447000,Riyadh,21000.0
Ford,Victoria,2004,78000,Khobar,40000.0
GMC,Terrain,2013,90000,Jeddah,35000.0
Ford,Taurus,2016,60100,Aseer,85000.0
Hyundai,Senta fe,2015,280000,Jazan,45000.0
Mazda,CX5,2021,845,Khobar,129000.0
Toyota,Corolla,2016,190000,Abha,32000.0
Ford,Taurus,2016,48000,Jeddah,80000.0
Renault,Fluence,2015,121913,Riyadh,29000.0
Dodge,Charger,2013,216841,Abha,40000.0
BMW,The 7,2014,182000,Jeddah,90000.0
Mazda,CX5,2021,14000,Riyadh,125000.0
Toyota,Yaris,2016,100000,Yanbu,32000.0
Renault,Megane,2020,6400,Jeddah,42000.0
Hyundai,Accent,2019,98000,Tabouk,36500.0
Toyota,Camry,2000,40000,Dammam,16000.0
Hyundai,Accent,2019,89000,Tabouk,39000.0
GMC,Yukon,2013,150000,Riyadh,65000.0
Genesis,Platinum,2015,208000,Riyadh,95000.0
HAVAL,H2,2021,6000,Khobar,57900.0
Chevrolet,Caprice,2009,230945,Tabouk,15000.0
Chevrolet,Caprice,1995,252000,Riyadh,4500.0
Chevrolet,Traverse,2011,65000,Jeddah,35000.0
Toyota,Ciocca,2016,333000,Dammam,78000.0
Nissan,Maxima,2002,340000,Jeddah,12000.0
Bentley,Bentayga,2019,13000,Dammam,850000.0
Honda,Odyssey,2016,150000,Jeddah,60000.0
Toyota,Prado,2016,97000,Dammam,119000.0
Hyundai,Elantra,2017,91269,Qassim,50000.0
Kia,Picanto,2010,200000,Jeddah,10000.0
Kia,Sportage,2019,43000,Khobar,68000.0
Ford,Expedition,2020,14000,Al-Medina,173000.0
Hyundai,Elantra,2015,230000,Riyadh,30000.0
BMW,The 5,2016,66000,Riyadh,90000.0
Toyota,Camry,2015,140000,Al-Medina,45000.0
Toyota,Camry,2014,120000,Dammam,45000.0
Mitsubishi,Pajero,2016,190000,Dammam,58000.0
Ford,Taurus,2018,78000,Riyadh,92000.0
Jeep,Wrangler,2017,82000,Dammam,93000.0
Toyota,Innova,2014,180000,Riyadh,45000.0
Land Rover,Range Rover,2020,26000,Riyadh,575000.0
Mazda,3,2017,107921,Qassim,39000.0
Ford,Expedition,2020,5000,Riyadh,180000.0
Hyundai,Azera,2014,276000,Riyadh,35000.0
Mercury,Grand Marquis,1996,500000,Jeddah,5000.0
Chevrolet,Cruze,2016,136000,Jeddah,25000.0
Toyota,Camry,2011,137502,Al-Ahsa,35000.0
Mercedes,S,2005,350000,Riyadh,20000.0
Lexus,RX,2013,190000,Riyadh,85000.0
Ford,Expedition,2014,243500,Khobar,45000.0
Hyundai,Accent,2019,57000,Dammam,35000.0
Changan,CS75,2020,46000,Al-Ahsa,62000.0
Hyundai,Tucson,2019,42000,Riyadh,75000.0
Dodge,Challenger,2015,260000,Jeddah,55000.0
Toyota,Land Cruiser,2021,9000,Al-Medina,350000.0
Toyota,FJ,2020,50000,Dammam,140000.0
Honda,Accord,2016,117000,Riyadh,80000.0
Lexus,LS,2018,32000,Riyadh,290000.0
Mitsubishi,Pajero,2017,81000,Dammam,72000.0
Hyundai,Accent,2018,36200,Riyadh,36500.0
Hyundai,Accent,2015,150000,Riyadh,20000.0
Ford,Fusion,2016,80000,Al-Ahsa,50000.0
Ford,Fusion,2017,55000,Riyadh,65000.0
Toyota,Hilux,2017,189000,Dammam,78000.0
Toyota,Hiace,2016,180000,Abha,72000.0
Toyota,Corolla,2014,197000,Al-Ahsa,29000.0
GMC,Sierra,2013,248000,Dammam,63000.0
Lexus,LX,2014,100000,Taef,320000.0
Chevrolet,Tahoe,2014,255000,Riyadh,53000.0
Chevrolet,Silverado,2012,180000,Riyadh,50000.0
Mercedes,E,2016,64000,Riyadh,120000.0
Isuzu,Dyna,2013,300000,Dammam,82000.0
Audi,Q7,2007,180000,Riyadh,50000.0
Mercedes,CLS,2014,130000,Jeddah,100000.0
Mercedes,S,2008,174000,Riyadh,65000.0
Chevrolet,Malibu,2010,135000,Al-Medina,10000.0
Hyundai,Sonata,2017,88718,Riyadh,58000.0
Kia,Sorento,2015,171000,Al-Ahsa,45000.0
Porsche,Cayenne,2016,121000,Khobar,160000.0
Ford,Taurus,2018,88000,Al-Baha,78000.0
Toyota,Corolla,2018,142000,Dammam,48000.0
Ford,Expedition,2007,423000,Al-Medina,29000.0
Audi,A6,2018,92000,Al-Medina,88000.0
BMW,The 7,2021,1500,Al-Ahsa,384900.0
Toyota,Furniture,2017,30000,Riyadh,118000.0
Hyundai,Elantra,2017,237356,Riyadh,42000.0
Hyundai,Sonata,2017,194814,Riyadh,55000.0
Changan,Eado,2020,89770,Riyadh,42000.0
Nissan,Patrol,2014,200000,Dammam,105000.0
Ford,Mustang,2010,290000,Jazan,38000.0
Hyundai,Sonata,2019,90000,Jeddah,61000.0
Chevrolet,Blazer,2013,177560,Dammam,35000.0
Chevrolet,Impala,2014,80000,Riyadh,45000.0
Chevrolet,Tahoe,2003,45000,Riyadh,18000.0
Toyota,Prado,2016,60000,Jeddah,120000.0
BMW,X,2015,62300,Dammam,140000.0
Dodge,Charger,2013,175000,Taef,38000.0
Toyota,Innova,2008,90000,Hafar Al-Batin,20000.0
Chevrolet,Silverado,2014,48000,Al-Medina,100000.0
Volkswagen,Passat,2010,143000,Dammam,21000.0
Ford,Van,2013,120000,Jeddah,40000.0
Land Rover,Range Rover,2016,106000,Riyadh,237000.0
Toyota,Yaris,2019,18000,Riyadh,36000.0
Toyota,Corolla,2015,160000,Jeddah,27500.0
Ford,Explorer,2009,211000,Riyadh,16000.0
GMC,Suburban,2002,30000,Riyadh,9000.0
Changan,Eado,2020,84000,Riyadh,42500.0
Changan,Eado,2020,86000,Riyadh,42500.0
Nissan,Pathfinder,2014,24000,Jeddah,50000.0
Nissan,Altima,2006,392000,Riyadh,12000.0
Ford,Vego,2016,165200,Dammam,19000.0
Honda,CRV,2010,105000,Jeddah,35000.0
Ford,Explorer,2014,168322,Al-Medina,60000.0
Ford,Explorer,2004,400000,Riyadh,9000.0
Nissan,Patrol,2015,77000,Al-Medina,166000.0
HAVAL,H2,2020,29289,Makkah,50000.0
Chevrolet,Cruze,2013,175000,Taef,15000.0
Toyota,Corolla,2016,270000,Riyadh,33000.0
Toyota,Corolla,2018,72000,Riyadh,42000.0
Ford,F150,2014,200000,Qassim,58000.0
Nissan,Navara,2014,167000,Aseer,35000.0
Hyundai,Senta fe,2015,120000,Jeddah,57000.0
Jeep,Grand Cherokee,2020,27500,Al-Ahsa,160000.0
Iveco,Daily,2018,116000,Riyadh,92000.0
Fiat,500,2019,28000,Makkah,62000.0
Toyota,Innova,2015,185000,Riyadh,45000.0
Mitsubishi,Pajero,2014,168000,Besha,49000.0
Nissan,Pathfinder,2007,111000,Riyadh,30000.0
Hyundai,Elantra,2012,300000,Qassim,15000.0
Kia,Carnival,2013,256000,Al-Ahsa,28000.0
Fiat,Other,2013,180000,Jeddah,8500.0
Honda,Accord,2004,300000,Riyadh,13000.0
Toyota,Land Cruiser,2009,470000,Qurayyat,76000.0
Toyota,Corolla,2015,200000,Jeddah,35000.0
Hyundai,H1,2010,147000,Riyadh,29000.0
Toyota,FJ,2016,64866,Makkah,125000.0
Hyundai,Azera,2017,256000,Riyadh,47000.0
Ford,Taurus,2012,334728,Aseer,35000.0
Toyota,Corolla,2011,283971,Jeddah,25000.0
Toyota,Prado,2015,225989,Jeddah,84000.0
Honda,Odyssey,2016,189000,Riyadh,57000.0
Hyundai,Elantra,2007,191700,Taef,13000.0
Toyota,Corolla,2018,39000,Riyadh,45000.0
Toyota,Hilux,2018,63000,Jeddah,110000.0
Ford,Marquis,2011,400000,Makkah,25000.0
Hyundai,Senta fe,2016,193000,Dammam,61000.0
Toyota,Land Cruiser Pickup,2021,1519,Riyadh,175000.0
Mercury,Grand Marquis,2000,179000,Dammam,14000.0
Ford,Taurus,2018,73000,Dammam,77000.0
Changan,CS75,2017,107000,Riyadh,37000.0
Honda,Pilot,2005,4130,Dammam,15000.0
GMC,Sierra,2016,161000,Jeddah,80000.0
Kia,Optima,2016,190000,Riyadh,42000.0
Toyota,Land Cruiser,2019,41000,Riyadh,190000.0
Ford,Mustang,2017,130000,Riyadh,130000.0
Jeep,Compass,2016,96213,Riyadh,38500.0
Toyota,Camry,2016,111000,Riyadh,49000.0
Toyota,Yaris,2010,350000,Jeddah,13000.0
Hyundai,Sonata,2017,178000,Riyadh,55000.0
Toyota,Innova,2014,282000,Jubail,35000.0
Kia,Sorento,2011,160000,Dammam,30000.0
Toyota,Land Cruiser,2013,283000,Al-Medina,100000.0
Hyundai,Azera,2013,284000,Riyadh,32000.0
Nissan,Sunny,2018,88000,Riyadh,29000.0
Nissan,Patrol,2014,265000,Jeddah,100000.0
Lexus,ES,2016,130000,Aseer,115000.0
Toyota,Land Cruiser,2016,179812,Qassim,155000.0
Lexus,GS,2014,124000,Riyadh,136000.0
BMW,The 5,2020,7800,Dammam,177000.0
GMC,Sierra,2011,233000,Dammam,36000.0
Toyota,Land Cruiser,2001,152000,Qassim,95000.0
Honda,Other,2005,100000,Riyadh,20000.0
Porsche,Cayenne S,2012,189000,Riyadh,85000.0
Hyundai,Elantra,2016,74000,Jeddah,50000.0
GMC,Suburban,2006,238000,Riyadh,30000.0
Ford,Expedition,2009,18500,Taef,35000.0
Ford,Explorer,2013,218000,Makkah,48000.0
Dodge,Ram,2011,190000,Riyadh,40000.0
Kia,Cerato,2012,312287,Riyadh,17000.0
Toyota,Prado,2016,167860,Hafar Al-Batin,108000.0
Chevrolet,Tahoe,2010,260000,Riyadh,65000.0
Ford,Flex,2015,290000,Riyadh,30000.0
Toyota,Hilux,2012,366000,Aseer,53000.0
GMC,Sierra,2021,100,Dammam,178000.0
Ford,Edge,2007,372400,Al-Ahsa,19000.0
Kia,Sportage,2016,190000,Riyadh,62000.0
Toyota,Camry,2009,350000,Jeddah,25000.0
Hyundai,Elantra,2013,300000,Aseer,20000.0
Ford,Expedition,2003,246000,Al-Medina,15000.0
Chevrolet,Traverse,2011,138000,Al-Ahsa,24000.0
Hyundai,Accent,2016,214000,Riyadh,23500.0
Chevrolet,Tahoe,2011,250000,Al-Ahsa,40000.0
Ford,Edge,2011,70000,Jeddah,60000.0
Mitsubishi,Pajero,2015,98000,Qassim,60000.0
Kia,Cerato,2014,223000,Tabouk,24000.0
Nissan,Altima,2013,134000,Jeddah,35000.0
GMC,Sierra,2016,144000,Aseer,95000.0
Toyota,Land Cruiser,2020,19800,Dammam,265000.0
Ford,Taurus,2010,380000,Al-Baha,28000.0
Chevrolet,Caprice,2013,280000,Makkah,44000.0
Jaguar,XF,2009,50000,Riyadh,35000.0
Toyota,Land Cruiser Pickup,2016,243000,Riyadh,95000.0
Honda,Accord,2005,250000,Jeddah,17000.0
BMW,X,2009,180000,Jeddah,35000.0
MINI,Copper,2016,75000,Jeddah,80000.0
Nissan,Datsun,2015,77000,Jeddah,45000.0
Hyundai,Sonata,2016,152000,Qassim,52000.0
Ford,Taurus,2019,48000,Dammam,80000.0
Toyota,Land Cruiser Pickup,2006,406000,Dammam,55000.0
Toyota,Rav4,2011,400000,Jeddah,35000.0
Lexus,LS,2002,500000,Riyadh,26000.0
Chrysler,C300,2012,143000,Dammam,51000.0
Kia,Carens,2015,37000,Jeddah,33000.0
GMC,Sierra,2015,76000,Dammam,100000.0
Toyota,Prado,2009,300000,Jeddah,50000.0
Cadillac,CT4,2020,5800,Jeddah,155000.0
Ford,Taurus,2013,298000,Makkah,38000.0
Chevrolet,Tahoe,2012,327000,Riyadh,45000.0
Hyundai,Accent,2018,20000,Al-Ahsa,37000.0
Hyundai,H1,2013,246000,Tabouk,31000.0
Ford,Ranger,2011,150000,Riyadh,20000.0
Toyota,Camry,2007,100000,Arar,22000.0
GMC,Yukon,2014,80000,Riyadh,120000.0
GMC,Terrain,2016,151000,Jazan,45000.0
Toyota,Corolla,2011,490000,Al-Medina,18000.0
Peugeot,301,2014,159000,Tabouk,12000.0
Mercedes,S,2017,36000,Riyadh,310000.0
Toyota,Corolla,2018,28000,Riyadh,54000.0
Toyota,Furniture,2019,135000,Riyadh,115005.0
Toyota,Rav4,2018,61000,Riyadh,83000.0
Toyota,Rav4,2017,93000,Riyadh,83000.0
Mazda,CX3,2018,39000,Riyadh,58000.0
Hyundai,Accent,2018,128000,Riyadh,35000.0
GMC,Yukon,2005,409000,Riyadh,20000.0
Toyota,Hilux,2020,53000,Riyadh,103000.0
Chevrolet,Lumina,2006,470000,Riyadh,3000.0
Chevrolet,Corvette,2010,87000,Jeddah,95000.0
Toyota,Corolla,2017,110000,Aseer,46000.0
Hyundai,Accent,2018,96000,Dammam,36000.0
Chevrolet,Suburban,1999,2500,Hail,6500.0
Isuzu,D-MAX,2020,40000,Riyadh,120500.0
Hyundai,Tucson,2017,152000,Dammam,62000.0
Nissan,Patrol,2020,89000,Riyadh,210000.0
Mitsubishi,Pajero,2017,136000,Dammam,67000.0
GMC,Sierra,2015,272000,Tabouk,70000.0
Fiat,500,2020,11500,Riyadh,85000.0
Toyota,Yaris,2016,134000,Jubail,23000.0
Chevrolet,Caprice,2013,73000,Dammam,79000.0
GMC,Sierra,2020,18000,Dammam,152000.0
GMC,Yukon,2012,270000,Qassim,39000.0
Chevrolet,Suburban,2017,184000,Dammam,137000.0
Ford,Taurus,2017,142311,Dammam,75000.0
Toyota,Innova,2016,101000,Dammam,72000.0
Toyota,Rav4,2018,134000,Dammam,66000.0
Toyota,Camry,2017,125000,Dammam,53000.0
Ford,Taurus,2015,285000,Dammam,52000.0
BMW,The 7,2009,285000,Dammam,46000.0
Land Rover,Range Rover,2008,329000,Dammam,32000.0
Nissan,VTC,2000,490000,Dammam,30000.0
Mercedes,CLS,2007,340000,Dammam,21000.0
Audi,A8,2007,180000,Dammam,19000.0
Toyota,Prado,2016,201000,Riyadh,107000.0
Toyota,Land Cruiser,2021,8000,Dammam,295000.0
Toyota,Land Cruiser,2019,38000,Dammam,255000.0
Lexus,LS,2015,132000,Dammam,165000.0
GMC,Sierra,2018,152000,Dammam,124000.0
Chevrolet,Tahoe,2016,223000,Dammam,110000.0
Mitsubishi,Pajero,2017,111000,Dammam,68000.0
Honda,Odyssey,2015,153000,Dammam,60000.0
Mercedes,C,2020,10000,Jeddah,190000.0
Toyota,Land Cruiser,1999,175000,Riyadh,57000.0
Audi,A4,2013,250000,Riyadh,45000.0
Ford,Expedition,2013,78000,Dammam,64000.0
Toyota,Camry,2017,13400,Riyadh,65000.0
Audi,A6,2013,75000,Riyadh,70000.0
Jeep,Cherokee,1998,270000,Yanbu,16000.0
Chevrolet,Tahoe,2012,281000,Riyadh,65000.0
Lexus,LX,2020,13000,Riyadh,420000.0
Rolls-Royce,Ghost,2013,24000,Riyadh,700000.0
Volvo,FH,2015,300000,Jazan,245000.0
Toyota,Prado,2019,19054,Riyadh,162500.0
Porsche,Cayenne S,2013,219000,Riyadh,100000.0
Hyundai,Accent,2017,108000,Riyadh,29000.0
Ford,Taurus,2018,71000,Riyadh,65000.0
Kia,Rio,2019,51000,Riyadh,31000.0
Hyundai,Accent,2017,65000,Riyadh,30000.0
Honda,Accord,2010,300000,Riyadh,32000.0
Toyota,Ciocca,2014,28000,Qassim,75000.0
Toyota,Land Cruiser Pickup,2015,260000,Jubail,60000.0
Toyota,Land Cruiser,2013,240000,Riyadh,105000.0
Chevrolet,Tahoe,2008,265000,Riyadh,33000.0
GMC,Yukon,2015,216000,Besha,98000.0
Ford,Victoria,2011,270000,Dammam,35000.0
Hyundai,Elantra,2018,97588,Jeddah,55000.0
Mazda,6,2016,117000,Hafar Al-Batin,72000.0
Chevrolet,Tahoe,2017,220000,Arar,118000.0
Nissan,Patrol,2020,89000,Riyadh,210000.0
Mercedes,S,2012,85000,Al-Medina,110000.0
Dodge,Charger,2012,167000,Al-Medina,85000.0
Toyota,Furniture,2018,224000,Dammam,85000.0
Hyundai,Accent,2017,174000,Jeddah,24000.0
Chrysler,C300,2019,45000,Riyadh,145000.0
Mazda,6,2019,81000,Jeddah,90000.0
Toyota,Land Cruiser,2019,134000,Al-Ahsa,170000.0
Toyota,Camry,2019,55000,Makkah,80000.0
BMW,The 7,2016,161000,Khobar,160000.0
Hyundai,Elantra,2014,290000,Riyadh,33500.0
Kia,Cores,2005,400000,Makkah,10000.0
Ford,Taurus,2016,66000,Riyadh,77000.0
BMW,The 5,2011,276000,Riyadh,65000.0
Toyota,Yaris,2016,155000,Jeddah,32000.0
Chevrolet,Caprice,2013,193000,Dammam,44000.0
Jeep,Wrangler,2019,16000,Riyadh,181000.0
Jeep,Grand Cherokee,2015,146000,Riyadh,95000.0
Toyota,Yaris,2017,12500,Tabouk,32000.0
GMC,Terrain,2015,125000,Riyadh,38000.0
Changan,CS95,2019,106000,Jeddah,70000.0
Lexus,ES,2013,263000,Dammam,66000.0
Hyundai,Elantra,2017,86000,Dammam,47000.0
Toyota,Hilux,2017,121000,Dammam,75000.0
Nissan,Patrol,2017,198000,Dammam,114000.0
Toyota,Furniture,2020,3000,Dammam,135000.0
Toyota,Avalon,2019,43418,Riyadh,115000.0
Ford,Taurus,2015,130243,Riyadh,58000.0
Ford,Echo Sport,2015,101600,Riyadh,28000.0
Jeep,Cherokee,1992,300000,Al-Ahsa,16000.0
Hyundai,Sonata,2018,71629,Riyadh,50000.0
Nissan,Datsun,2015,142000,Makkah,39000.0
Geely,GC7,2015,140000,Taef,15000.0
Hyundai,Sonata,2019,92000,Dammam,84000.0
Nissan,Sunny,2018,106000,Jeddah,23000.0
Ford,Focus,2011,181000,Jeddah,10000.0
Toyota,Furniture,2017,70000,Al-Ahsa,75000.0
GMC,Yukon,2011,223000,Hail,40000.0
Mitsubishi,Pajero,2017,80000,Qassim,89500.0
Toyota,Land Cruiser,2012,228000,Qassim,112000.0
Hyundai,Senta fe,2016,255000,Aseer,51000.0
Genesis,G330,2017,68000,Qurayyat,70000.0
Toyota,FJ,2015,110000,Dammam,115000.0
Toyota,Camry,2009,600000,Al-Medina,23000.0
Toyota,Yaris,2020,13000,Jeddah,37000.0
Toyota,Hilux,2014,98000,Najran,70000.0
Mercedes,GL,2015,32000,Makkah,183000.0
Mazda,CX9,2015,234000,Taef,57000.0
Toyota,Land Cruiser 70,2019,26000,Aseer,130000.0
Lexus,ES,2020,29000,Jeddah,230000.0
Toyota,Prado,2016,74000,Jeddah,120000.0
Toyota,Camry,2010,390000,Dammam,20000.0
Toyota,Prado,2015,70000,Tabouk,110000.0
Hyundai,Tucson,2018,100000,Jeddah,60000.0
Chevrolet,Tahoe,2019,62000,Jeddah,195000.0
BMW,The M,2020,13000,Riyadh,385000.0
Ford,Expedition,2016,160000,Riyadh,85000.0
Land Rover,Range Rover,2007,148000,Riyadh,38000.0
Renault,Duster,2019,27000,Dammam,54000.0
Ford,Explorer,2009,430000,Jeddah,20000.0
Dodge,Charger,2020,11000,Riyadh,100000.0
Kia,Rio,2014,196000,Al-Ahsa,18000.0
Toyota,Camry,2001,350000,Jeddah,25000.0
Dodge,Charger,2016,140000,Al-Medina,65000.0
Toyota,Furniture,2015,243000,Riyadh,50000.0
Cadillac,Escalade,2010,194000,Al-Medina,37000.0
Hyundai,H1,2019,76000,Dammam,65000.0
Hummer,H3,2008,340000,Riyadh,21000.0
Toyota,Furniture,2016,185000,Riyadh,73000.0
Toyota,Land Cruiser,2014,346000,Taef,130000.0
Ford,Expedition,2012,86000,Riyadh,53000.0
Lexus,ES,2018,91000,Riyadh,130000.0
Kia,Picanto,2017,158000,Al-Medina,22500.0
Toyota,Prado,2014,121000,Jeddah,109000.0
Dodge,Durango,2013,115458,Jeddah,50000.0
Toyota,Hilux,2012,335200,Sakaka,50000.0
Mercedes,C,2015,99000,Jeddah,91500.0
Hyundai,Elantra,2013,189000,Aseer,23000.0
Toyota,Innova,2015,14000,Dammam,43000.0
Dodge,Durango,2013,487100,Yanbu,35000.0
Toyota,Land Cruiser,2015,99000,Dammam,165000.0
Honda,CRV,2014,160000,Makkah,50000.0
Dodge,Charger,2015,54300,Riyadh,63000.0
Genesis,G80,2013,124000,Jeddah,55000.0
Toyota,Hilux,2017,210000,Hail,64000.0
Chevrolet,Caprice Classic,2008,300000,Jeddah,14500.0
Toyota,Land Cruiser,2016,120000,Riyadh,205000.0
Hyundai,Sonata,2016,305000,Riyadh,45000.0
Hyundai,Sonata,2013,215000,Riyadh,28000.0
Lexus,IS,2005,400000,Jeddah,50000.0
GMC,Yukon,2012,235000,Tabouk,67000.0
Toyota,Yaris,2018,76000,Hafar Al-Batin,37500.0
Ford,Mustang,2004,172000,Jeddah,35000.0
Honda,Accord,2017,95000,Jeddah,78000.0
Chevrolet,Tahoe,2013,200000,Riyadh,57000.0
Toyota,Land Cruiser,2003,397000,Khobar,34000.0
Hyundai,Azera,2012,380000,Aseer,24000.0
Hyundai,Sonata,2012,221000,Riyadh,30000.0
Hyundai,Tucson,2017,120000,Jeddah,65000.0
GMC,Terrain,2017,78000,Taef,55000.0
Chevrolet,Caprice,2008,255000,Dammam,25000.0
Toyota,Corolla,2017,75000,Jeddah,55000.0
Honda,Pilot,2012,266700,Jeddah,30000.0
MG,6,2014,79000,Riyadh,23000.0
Kia,Cerato,2016,12100,Qassim,30000.0
Mercedes,E,2017,147000,Riyadh,142000.0
Fiat,500,2017,74000,Dammam,48000.0
Toyota,Camry,2016,17000,Riyadh,35000.0
Land Rover,Range Rover,2018,50000,Riyadh,290000.0
Mercedes,GLE,2020,13000,Dammam,375000.0
MG,GS,2020,11000,Riyadh,51000.0
Land Rover,Range Rover,2011,196000,Jeddah,55000.0
MG,RX8,2020,23000,Al-Baha,98000.0
Chevrolet,Trailblazer,2013,220000,Jubail,28000.0
Hyundai,Sonata,2020,9000,Riyadh,73000.0
Honda,CRV,2013,167000,Jeddah,45000.0
Daihatsu,Delta,2013,157000,Jeddah,32000.0
Toyota,Land Cruiser 70,2015,360538,Riyadh,80000.0
Toyota,Prado,2017,138000,Riyadh,132000.0
Ford,Expedition,2014,132000,Riyadh,45000.0
Kia,Optima,2016,161000,Dammam,68000.0
Toyota,Camry,2017,97000,Riyadh,68000.0
Toyota,Camry,2017,120000,Riyadh,62000.0
Toyota,Corolla,2018,54000,Dammam,55000.0
Nissan,KICKS,2019,87000,Dammam,55000.0
GMC,Yukon,2011,334000,Riyadh,51000.0
Honda,Accord,2017,62847,Qassim,82000.0
Toyota,Furniture,2020,20000,Riyadh,130000.0
Ford,Echo Sport,2020,4434,Dammam,59000.0
Nissan,Datsun,2013,273778,Al-Ahsa,32000.0
Toyota,Land Cruiser,2020,560,Riyadh,190000.0
Genesis,Prestige,2015,180000,Makkah,47500.0
Toyota,Land Cruiser,2004,425000,Jazan,35000.0
Land Rover,Defender,2021,100,Jeddah,450000.0
INFINITI,FX,2009,250000,Jeddah,35000.0
GMC,Yukon,2009,138000,Al-Baha,55000.0
Chevrolet,Tahoe,2012,287928,Riyadh,58000.0
Kia,Cadenza,2016,100000,Tabouk,77000.0
Nissan,Patrol,2016,183000,Khobar,150000.0
Nissan,Patrol,2016,139000,Riyadh,158000.0
GMC,Suburban,2005,400000,Riyadh,25000.0
Ford,Marquis,2009,300000,Riyadh,17000.0
Toyota,Land Cruiser Pickup,2014,99000,Aseer,85000.0
Hyundai,Sonata,2007,196000,Al-Ahsa,16000.0
Nissan,Land Cruiser Pickup,2016,50000,Riyadh,85000.0
Nissan,Altima,2015,167000,Dammam,32000.0
Lexus,LX,2012,147000,Riyadh,170000.0
Kia,Cadenza,2018,81000,Dammam,70000.0
Lexus,ES,2015,158792,Taef,78000.0
Dodge,Durango,2012,288000,Al-Medina,43000.0
Chevrolet,Silverado,2014,233000,Dammam,75000.0
Toyota,Land Cruiser,2017,120000,Jeddah,225000.0
Ford,Expedition,2012,182000,Dammam,42500.0
Toyota,Furniture,2013,180000,Riyadh,45000.0
Cadillac,Escalade,2015,88000,Jeddah,160000.0
Toyota,Avalon,2008,320000,Riyadh,30000.0
Toyota,Camry,2017,135000,Qassim,47000.0
Geely,EC7,2015,160000,Jeddah,14000.0
Ford,Expedition,2014,210000,Riyadh,50000.0
Ford,Taurus,2016,125000,Yanbu,67000.0
Mercedes,C,2016,100500,Jeddah,120000.0
Mercedes,GL,2012,106000,Riyadh,71000.0
Toyota,Innova,2018,149000,Dammam,68000.0
Nissan,Sentra,2015,17100,Jeddah,25000.0
Toyota,Ciocca,2016,150000,Dammam,135000.0
Toyota,Yaris,2016,160000,Al-Medina,26500.0
GMC,Yukon,2010,379538,Jeddah,65000.0
Honda,Odyssey,2015,100000,Dammam,57000.0
MG,360,2019,24000,Jeddah,36000.0
Ford,Flex,2014,201000,Dammam,57000.0
Toyota,Innova,2014,141000,Dammam,55000.0
Hyundai,Sonata,2019,33000,Dammam,85000.0
Ford,Taurus,2013,177000,Dammam,70000.0
Ford,Taurus,2018,69000,Dammam,82000.0
Kia,Optima,2018,83000,Dammam,75000.0
Kia,Optima,2014,113000,Dammam,51000.0
Nissan,VTC,2016,112000,Dammam,106000.0
Toyota,Land Cruiser,2015,212000,Dammam,145000.0
Toyota,Camry,2017,135000,Dammam,60000.0
Toyota,Camry,2014,199200,Dammam,48000.0
Hyundai,Accent,2019,98000,Jeddah,35000.0
GMC,Yukon,2011,156000,Dammam,47000.0
Nissan,Patrol,2017,12000,Jeddah,128000.0
GMC,Suburban,1990,140000,Aseer,5000.0
Ford,Expedition,2014,140000,Aseer,36000.0
GMC,Suburban,2004,135000,Aseer,18500.0
Dodge,Charger,2018,81000,Riyadh,125000.0
Land Rover,Range Rover,2008,300000,Dammam,27000.0
Volkswagen,Tiguan,2012,240000,Jeddah,25000.0
Geely,EC8,2015,65000,Tabouk,20000.0
Chrysler,S300,2015,106000,Jeddah,75000.0
Toyota,Hilux,2009,426000,Aseer,32000.0
Bentley,Bentayga,2018,20000,Jeddah,750000.0
Kia,Carnival,2009,176000,Jeddah,15000.0
Dodge,Charger,2014,178000,Jeddah,50000.0
Toyota,Corolla,2016,114000,Tabouk,35000.0
Ford,Explorer,2005,300000,Khobar,7000.0
Honda,Accord,2010,205000,Jeddah,30000.0
Chevrolet,Tahoe,2019,32300,Aseer,168000.0
Toyota,Land Cruiser,2009,319000,Taef,75000.0
Toyota,Rush,2021,10000,Makkah,55000.0
Toyota,Ciocca,2014,500000,Dammam,58000.0
Ford,Victoria,2011,230000,Al-Ahsa,28000.0
Isuzu,D-MAX,2019,40000,Abha,125000.0
Chevrolet,Aveo,2014,88000,Dammam,13000.0
Hyundai,Accent,2018,114969,Al-Jouf,30000.0
Toyota,Avanza,2016,115000,Hafar Al-Batin,30000.0
Ford,Marquis,2009,338000,Jeddah,18000.0
Toyota,Camry,2017,265000,Riyadh,65000.0
Nissan,X-Trail,2017,119000,Riyadh,51000.0
Ford,Expedition,2006,155000,Riyadh,20000.0
Kia,Cerato,2017,132700,Dammam,29000.0
Lexus,ES,2013,200000,Riyadh,75000.0
Mercedes,E,1993,217396,Jeddah,35000.0
Geely,Emgrand,2019,43000,Riyadh,45000.0
Chrysler,C300,2013,210000,Riyadh,48000.0
HAVAL,H9,2020,18000,Dammam,100000.0
Nissan,Altima,2016,111000,Riyadh,48000.0
Toyota,Furniture,2020,55000,Dammam,123000.0
Toyota,Camry,2017,120500,Dammam,50000.0
Hyundai,Sonata,2016,140000,Dammam,56000.0
Hyundai,Elantra,2015,112000,Arar,32000.0
Toyota,Camry,2009,300000,Abha,24000.0
Kia,Rio,2019,65000,Dammam,35000.0
Dodge,Nitro,2011,346410,Riyadh,15000.0
Chevrolet,Traverse,2012,176000,Jubail,40000.0
Toyota,Land Cruiser,2015,87300,Dammam,175000.0
Chevrolet,Optra,2006,241000,Al-Medina,12000.0
Toyota,FJ,2014,237000,Jubail,85000.0
Hyundai,Accent,2017,204000,Riyadh,23000.0
Chevrolet,Malibu,2014,145000,Riyadh,46000.0
Nissan,Sunny,2017,106475,Riyadh,21500.0
Toyota,Innova,2016,330000,Hafar Al-Batin,46000.0
Chevrolet,Trailblazer,2013,106000,Riyadh,38500.0
Hyundai,Accent,2019,96000,Riyadh,33500.0
BMW,X,2011,290000,Riyadh,48000.0
Ford,Taurus,2017,116000,Qassim,75000.0
Toyota,Yaris,2014,375000,Riyadh,24000.0
Nissan,Datsun,2016,188000,Hail,33000.0
Cadillac,Escalade,2004,300000,Riyadh,30000.0
Toyota,Hilux,2016,121000,Al-Medina,60500.0
Kia,Sedona,2016,118000,Jeddah,65000.0
Kia,Optima,2014,215000,Jeddah,40000.0
GMC,Yukon,2007,262000,Riyadh,30000.0
GMC,Acadia,2008,220000,Riyadh,20000.0
Chevrolet,Camaro,2013,243000,Riyadh,55000.0
Ford,Marquis,2010,360000,Al-Medina,29000.0
Chevrolet,Tahoe,2015,250000,Yanbu,95000.0
Ford,Focus,2012,181000,Riyadh,15000.0
Lexus,ES,2016,100000,Aseer,128000.0
Ford,Fusion,2015,178000,Hail,30000.0
Toyota,Hilux,2019,32595,Riyadh,105000.0
HAVAL,H6,2020,16000,Riyadh,79000.0
Lexus,ES,2020,33000,Riyadh,210000.0
Toyota,Land Cruiser,2019,110000,Qassim,250000.0
MG,RX5,2020,4500,Abha,65000.0
Chevrolet,Malibu,2018,135000,Qassim,46500.0
Hyundai,Sonata,2011,29000,Riyadh,23000.0
Volkswagen,Tiguan,2012,170000,Jeddah,21000.0
Toyota,Ciocca,2015,285000,Aseer,155000.0
Ford,Expedition,2012,304000,Al-Ahsa,38000.0
Toyota,Camry,1995,300000,Al-Ahsa,12000.0
Porsche,Cayenne Turbo GTS,2013,148000,Riyadh,115000.0
Hyundai,Azera,2015,222306,Riyadh,38000.0
Ford,Mustang,2010,169000,Riyadh,50000.0
Hyundai,Tucson,2018,27900,Riyadh,72000.0
Nissan,Sunny,2019,77000,Dammam,28500.0
Hyundai,Accent,2019,76600,Dammam,40000.0
Ford,Fusion,2014,167000,Jeddah,35000.0
Honda,Civic,2016,68800,Jeddah,55000.0
Lexus,LX,2007,590000,Taef,50000.0
Mercedes,GL,2013,147000,Makkah,160000.0
Kia,Carnival,2016,180000,Jeddah,38000.0
Kia,Sorento,2010,213000,Jeddah,22000.0
Ford,Taurus,2017,89000,Riyadh,75000.0
Toyota,Camry,2016,117000,Qassim,60000.0
Nissan,Sunny,2016,158000,Qassim,23000.0
Hyundai,Senta fe,2015,337946,Hafar Al-Batin,45000.0
Mitsubishi,L200,2015,103000,Jeddah,30000.0
Hyundai,Elantra,2021,3000,Riyadh,90000.0
Toyota,Hilux,2009,400000,Dammam,32000.0
Honda,City,2016,51000,Riyadh,43000.0
Hyundai,Accent,2019,107000,Riyadh,35000.0
Chevrolet,Tahoe,2011,188000,Riyadh,53000.0
HAVAL,H6,2020,16000,Riyadh,72000.0
Honda,Accord,2007,470000,Makkah,15000.0
Mercedes,S,2014,49000,Riyadh,250000.0
GMC,Sierra,2017,160000,Riyadh,100000.0
GMC,Envoy,2003,100000,Dammam,6000.0
Hyundai,Elantra,2006,10000,Dammam,7000.0
Toyota,Camry,2001,150000,Taef,15000.0
Chevrolet,Tahoe,2017,83000,Al-Baha,135000.0
Toyota,Camry,2001,490000,Aseer,19000.0
Nissan,Navara,2015,119000,Abha,37000.0
Ford,Expedition,2014,151000,Riyadh,70000.0
Ford,Expedition,2014,190700,Riyadh,59000.0
GMC,Sierra,2015,86500,Riyadh,98000.0
Ford,Expedition,2014,180000,Dammam,70000.0
Toyota,Land Cruiser 70,2003,230000,Riyadh,69000.0
Ford,Expedition,2012,195000,Riyadh,45000.0
Chrysler,SRT,2015,200000,Hafar Al-Batin,115000.0
Nissan,Pathfinder,2014,119000,Hafar Al-Batin,40000.0
Dodge,Charger,2012,243000,Dammam,30000.0
Ford,Expedition,2014,116000,Riyadh,50000.0
Kia,Rio,2013,300000,Jubail,19000.0
Toyota,Furniture,2012,213000,Taef,58000.0
Kia,Rio,2019,100000,Riyadh,32500.0
Ford,Expedition,2015,115000,Hafar Al-Batin,75000.0
Chevrolet,Malibu,2013,260000,Riyadh,22500.0
Toyota,Prado,2017,140000,Al-Ahsa,125000.0
Volkswagen,Passat,2015,143000,Makkah,36000.0
MG,HS,2020,12000,Jeddah,80000.0
Hyundai,Sonata,2016,180000,Jeddah,55000.0
Suzuki,D'max,2001,1000,Jeddah,7000.0
Cadillac,CT-S,2019,43000,Dammam,135000.0
Ford,F150,2011,133000,Dammam,33000.0
Toyota,Cressida,1994,277000,Al-Medina,11000.0
Hyundai,Sonata,2015,173000,Riyadh,43000.0
Hyundai,Azera,2008,407767,Dammam,17000.0
Toyota,Hilux,2020,34000,Aseer,120000.0
Toyota,Corolla,2018,212000,Riyadh,46000.0
Toyota,Camry,2012,265000,Qassim,32000.0
Nissan,Armada,2010,133809,Dammam,60000.0
Toyota,Land Cruiser,2007,300000,Taef,30000.0
Toyota,Land Cruiser,2015,136000,Riyadh,140000.0
GMC,Yukon,2009,350000,Riyadh,38000.0
Nissan,Altima,2015,94000,Qassim,37000.0
Ford,Edge,2013,208000,Makkah,39000.0
Mazda,CX3,2020,5000,Riyadh,55000.0
Mitsubishi,ASX,2020,22000,Riyadh,67000.0
Toyota,Camry,2014,542966,Wadi Dawasir,22000.0
BMW,The 7,2019,41000,Jeddah,235000.0
Toyota,Ciocca,2010,270000,Jubail,65000.0
Chevrolet,Tahoe,2008,280000,Dammam,50000.0
Kia,Cerato,2015,190000,Jazan,33000.0
Kia,Pegas,2020,5300,Riyadh,37500.0
Mercedes,S,2013,121000,Jeddah,118000.0
Toyota,Cressida,1993,49500,Aseer,9500.0
Ford,F150,2014,147000,Riyadh,80000.0
Chevrolet,Tahoe,2015,222000,Riyadh,110000.0
Toyota,Camry,2019,48000,Qassim,85000.0
Lexus,GS,2015,224000,Riyadh,88000.0
Ford,Expedition,2013,190000,Riyadh,47000.0
Toyota,Hilux,2017,102000,Al-Ahsa,90000.0
Nissan,Patrol,2017,115000,Riyadh,117000.0
Toyota,Land Cruiser 70,2006,239000,Aseer,70000.0
Toyota,FJ,2016,115000,Riyadh,110000.0
Mazda,CX5,2019,33000,Riyadh,102000.0
Nissan,Sunny,2011,311000,Riyadh,10000.0
Chevrolet,Suburban,2002,333000,Riyadh,13000.0
BMW,The 7,2017,90000,Riyadh,165000.0
Toyota,Camry,2016,183000,Dammam,70000.0
Mercedes,S,2007,270000,Al-Medina,45000.0
Toyota,Corolla,2003,50000,Riyadh,15000.0
Toyota,Prado,2014,157000,Jeddah,80000.0
Hyundai,Elantra,2019,35000,Jeddah,63500.0
Chevrolet,Tahoe,2018,39000,Aseer,147000.0
Ford,Victoria,2011,312338,Riyadh,25000.0
Hyundai,Elantra,2018,116000,Riyadh,42000.0
Toyota,FJ,2012,310000,Abha,70000.0
Ford,Taurus,2015,180000,Riyadh,60000.0
GAC,GS3,2021,22600,Riyadh,50000.0
GMC,Yukon,2012,317800,Al-Ahsa,52000.0
Toyota,Land Cruiser,2008,295000,Hail,65000.0
Chevrolet,Malibu,2015,218000,Makkah,20000.0
Honda,Crosstour,2010,135000,Dammam,43000.0
Toyota,Yaris,2017,201000,Dammam,35000.0
Toyota,Land Cruiser,2017,50000,Dammam,245000.0
Fiat,500,2017,112000,Riyadh,45000.0
Hyundai,Sonata,2018,69000,Riyadh,55000.0
Hyundai,Sonata,2011,186000,Jeddah,25000.0
Nissan,Patrol,1999,600000,Qassim,17000.0
Toyota,Corolla,2019,39000,Yanbu,52000.0
Toyota,Camry,2016,155000,Qassim,52000.0
Jeep,Wrangler,2015,200000,Jeddah,85000.0
Toyota,Land Cruiser,2012,250000,Riyadh,85000.0
Chevrolet,Tahoe,2013,206000,Jeddah,77000.0
Mercedes,ML,2002,297846,Riyadh,17000.0
Genesis,Prestige,2013,185000,Riyadh,40000.0
Chrysler,C300,2013,340000,Riyadh,40000.0
Toyota,Land Cruiser,2003,395735,Riyadh,55000.0
Lincoln,Navigator,2011,200000,Aseer,60000.0
Ford,Expedition,2003,400000,Al-Medina,5000.0
Kia,Cerato,2013,147000,Dammam,18000.0
Hyundai,Palisade,2020,9000,Riyadh,145000.0
Nissan,Navara,2013,189000,Riyadh,35000.0
Hyundai,Sonata,2016,210000,Riyadh,35000.0
Hyundai,Accent,2018,105500,Dammam,32000.0
Toyota,Land Cruiser 70,2006,250000,Al-Baha,33000.0
Ford,Flex,2013,204000,Jeddah,32000.0
Nissan,Sunny,2010,294000,Dammam,9000.0
Mercedes,SEL,1991,277000,Riyadh,28000.0
Mercedes,C,2020,50000,Riyadh,150000.0
Mercedes,S,2012,188000,Khobar,80000.0
Mercedes,S,2007,200000,Dammam,75000.0
Hyundai,Senta fe,2014,150000,Jeddah,50000.0
Toyota,Hiace,2016,218000,Riyadh,69500.0
Toyota,Hilux,2015,328000,Qassim,65000.0
Nissan,Patrol,2009,150000,Al-Jouf,70000.0
Ford,Marquis,2001,293000,Riyadh,10000.0
Mitsubishi,Pajero,2015,103900,Riyadh,50000.0
Toyota,Avalon,2008,201000,Al-Jouf,30000.0
Nissan,Datsun,2014,240000,Riyadh,30000.0
Suzuki,Celerio,2011,59000,Taef,15000.0
Ford,Edge,2014,140000,Jeddah,50000.0
Nissan,Datsun,2008,180000,Makkah,30000.0
Kia,Rio,2016,80000,Makkah,25000.0
Ford,Expedition,2014,184000,Jubail,52000.0
Kia,Cadenza,2016,130000,Riyadh,56000.0
Toyota,Yaris,2011,300500,Abha,14000.0
Toyota,Prado,2018,125000,Khobar,128000.0
Nissan,Sunny,2009,377000,Riyadh,11000.0
Kia,Cerato,2015,104000,Al-Ahsa,28000.0
Mercedes,S,2017,53000,Jeddah,290000.0
Nissan,Armada,2009,275475,Riyadh,25000.0
Mercedes,S,2013,160000,Jeddah,110000.0
Hyundai,H1,2018,100000,Aseer,70000.0
Toyota,Prado,1999,230000,Aseer,18000.0
Ford,Mustang,2010,170000,Dammam,42000.0
Hyundai,H1,2015,400000,Jeddah,43000.0
Toyota,Ciocca,2009,200000,Jeddah,48000.0
MG,5,2020,3500,Dammam,41000.0
Toyota,Camry,2016,161000,Wadi Dawasir,55000.0
Cadillac,Escalade,2007,273000,Khobar,39000.0
Toyota,Land Cruiser,2014,325000,Riyadh,126000.0
Hyundai,Accent,2005,294602,Dammam,5000.0
Ashok,Leyland,2009,55000,Jubail,40000.0
Ashok,Leyland,2010,11000,Jubail,48000.0
Toyota,Coaster,2012,237000,Jubail,45000.0
Honda,Civic,2020,25000,Dammam,68000.0
Fiat,500,2020,7000,Riyadh,75000.0
Toyota,Land Cruiser Pickup,2013,105154,Riyadh,85000.0
Mercedes,SEL,1991,17000,Jeddah,100000.0
Chevrolet,Tahoe,2010,177000,Jeddah,45000.0
Lexus,LS,2011,220000,Jeddah,90000.0
Hyundai,Sonata,2017,155000,Riyadh,35000.0
Audi,Q7,2007,199000,Riyadh,26000.0
Ford,Victoria,1996,325000,Jeddah,10000.0
Toyota,Avalon,2020,9800,Abha,139000.0
Ford,Marquis,2007,400000,Hafar Al-Batin,20500.0
Land Rover,Range Rover,2013,177000,Jeddah,88000.0
Honda,Accord,2016,66000,Riyadh,89000.0
Honda,Accord,2018,140000,Khobar,85000.0
Toyota,Land Cruiser,1995,300000,Tabouk,20000.0
Ford,Taurus,2016,155000,Jeddah,59000.0
MINI,Countryman,2017,100000,Jeddah,69000.0
Mazda,6,2016,100000,Al-Medina,57000.0
Land Rover,Range Rover,2009,214000,Al-Medina,85000.0
Kia,Opirus,2009,216000,Yanbu,16000.0
Toyota,Camry,2017,151233,Riyadh,56000.0
GMC,Suburban,1994,90531,Riyadh,9500.0
Toyota,Camry,2014,106000,Jeddah,36000.0
Toyota,Camry,2017,300000,Riyadh,45000.0
Toyota,Camry,2007,420000,Al-Medina,25000.0
Honda,Accord,2016,130000,Qassim,61000.0
Hyundai,Sonata,2016,260000,Dammam,40000.0
Hyundai,Creta,2018,11800,Besha,56000.0
Volvo,XC90,2018,26000,Dammam,210000.0
Mitsubishi,Pajero,2016,137000,Riyadh,55000.0
Chevrolet,Caprice,2006,380000,Riyadh,5000.0
GMC,Suburban,2006,266000,Yanbu,30000.0
Lexus,LX,2014,73000,Riyadh,220000.0
Hyundai,Accent,2020,12000,Riyadh,42000.0
Ford,Marquis,2003,300000,Al-Medina,9000.0
Toyota,Prado,2012,199000,Al-Baha,73000.0
Chevrolet,Suburban,1994,230000,Riyadh,11000.0
Ford,Ranger,2015,145000,Aseer,65000.0
Toyota,Land Cruiser,1990,333892,Hail,30000.0
Isuzu,D-MAX,2016,147000,Aseer,55000.0
Nissan,Patrol,2014,190000,Jazan,105000.0
Nissan,Pathfinder,2005,302000,Jeddah,19000.0
Lexus,LX,2012,201000,Dammam,152000.0
Lexus,ES,2007,196000,Jeddah,25000.0
Chevrolet,Malibu,2017,62000,Riyadh,69000.0
Toyota,Prado,2016,143000,Jeddah,120000.0
Toyota,Furniture,2016,235000,Taef,85000.0
Toyota,Aurion,2015,240000,Jeddah,55000.0
Cadillac,CT6,2018,27000,Riyadh,150000.0
Toyota,Furniture,2014,169000,Riyadh,60000.0
Škoda,Superb,2008,200000,Riyadh,15000.0
Audi,A3,2020,6000,Jeddah,105000.0
Lincoln,MKZ,2016,112000,Makkah,70000.0
Hyundai,Accent,2017,62000,Riyadh,27000.0
Nissan,Patrol,2016,205000,Riyadh,120000.0
Toyota,Avalon,2014,155000,Hail,70000.0
Hyundai,Elantra,2019,39000,Jubail,65000.0
Ford,Expedition,2013,250000,Riyadh,50000.0
Mazda,3,2016,130000,Al-Medina,48000.0
Hyundai,Tucson,2020,44000,Riyadh,64000.0
Nissan,Datsun,1998,400000,Jeddah,18000.0
Mercedes,S,2000,100000,Dammam,15000.0
Ford,Expedition,2012,161925,Riyadh,40000.0
Toyota,Land Cruiser,2011,193000,Jeddah,110000.0
Hyundai,Senta fe,2012,126000,Al-Namas,42000.0
Chevrolet,Suburban,2011,203000,Riyadh,52000.0
Toyota,Hilux,2019,28000,Aseer,72500.0
Toyota,Land Cruiser,2002,325605,Jeddah,30000.0
Lincoln,The LS,2002,71000,Dammam,28000.0
Mercedes,E,2019,80000,Jeddah,190000.0
Toyota,Hilux,1997,30000,Al-Medina,13000.0
Ford,Expedition,2012,170000,Riyadh,45000.0
Nissan,Patrol,2004,350000,Al-Ahsa,25000.0
Hyundai,Accent,2018,95000,Riyadh,28000.0
Nissan,Sentra,2018,64000,Riyadh,36500.0
Kia,Rio,2016,180000,Riyadh,28000.0
GMC,Sierra,2017,94000,Dammam,117000.0
BMW,X,2014,138000,Riyadh,105000.0
Toyota,Innova,2016,141000,Jazan,56000.0
INFINITI,Q,2015,74000,Riyadh,69500.0
Toyota,FJ,2012,348000,Taef,65000.0
Toyota,Camry,2014,80250,Al-Baha,55000.0
Toyota,Corolla,2012,185000,Al-Medina,20000.0
GMC,Suburban,1994,357624,Al-Medina,15000.0
Toyota,Corolla,2020,58000,Riyadh,65000.0
Lexus,LX,2020,10000,Jeddah,425000.0
Lexus,RC,2015,186000,Jeddah,123000.0
GMC,Sierra,2017,166000,Aseer,105000.0
Toyota,Camry,2016,155000,Jeddah,58000.0
Mitsubishi,L200,2020,197,Jeddah,71000.0
Chevrolet,Tahoe,2016,91000,Riyadh,95000.0
Mitsubishi,Outlander,2015,230000,Jeddah,30000.0
Chevrolet,Silverado,2010,143000,Dammam,32000.0
Mazda,6,2017,90000,Jubail,52000.0
Changan,Seven,2020,46000,Aseer,25000.0
Ford,Explorer,2016,290000,Jeddah,79000.0
Nissan,Patrol,2013,328000,Riyadh,90000.0
Chevrolet,Blazer,2005,150000,Dammam,14000.0
BMW,The 3,2014,84000,Jeddah,60000.0
Toyota,Hilux,2012,171000,Riyadh,47500.0
GMC,Envoy,2007,280000,Jeddah,13500.0
Land Rover,Range Rover,2019,4200,Riyadh,599000.0
Peugeot,3008,2012,175000,Makkah,20000.0
Mitsubishi,Pajero,2016,209000,Riyadh,50000.0
Audi,A4,2009,223000,Jeddah,27000.0
Mitsubishi,Pajero,2016,190000,Dammam,55000.0
Toyota,Prado,2021,4600,Hafar Al-Batin,150000.0
Toyota,Land Cruiser,2013,257000,Riyadh,150000.0
Chevrolet,Malibu,2013,233000,Abha,20000.0
GMC,Yukon,2001,28000,Aseer,15000.0
Toyota,Land Cruiser,2019,177900,Riyadh,220000.0
Hyundai,Sonata,2013,348000,Dammam,22000.0
Hyundai,Sonata,2016,191000,Riyadh,45000.0
Toyota,Yaris,2016,120000,Riyadh,20000.0
Chevrolet,Tahoe,2008,250000,Riyadh,32000.0
Toyota,Furniture,2016,211000,Riyadh,69000.0
GMC,Yukon,2011,350000,Riyadh,55000.0
Toyota,Avalon,2015,120000,Dammam,66500.0
Nissan,Sunny,2017,109763,Riyadh,21500.0
Hyundai,Accent,2019,96000,Riyadh,33500.0
Renault,Dokker,2019,78000,Riyadh,28000.0
Hyundai,Sonata,2019,63000,Riyadh,60000.0
Hyundai,Accent,2018,90000,Riyadh,27000.0
Kia,Rio,2017,131000,Riyadh,25500.0
Hyundai,Accent,2017,133000,Riyadh,25000.0
Hyundai,Accent,2018,68000,Riyadh,27000.0
Nissan,Altima,2017,90000,Riyadh,39000.0
Chevrolet,Caprice,2007,263000,Riyadh,17000.0
Toyota,Furniture,2015,300000,Al-Medina,52000.0
Toyota,Land Cruiser 70,2015,180000,Makkah,80000.0
Nissan,Datsun,2015,215267,Tabouk,31000.0
Nissan,Datsun,2015,261000,Taef,35000.0
Hyundai,Veracruz,2008,135000,Sabya,17000.0
Chevrolet,Tahoe,2016,217000,Abha,87000.0
Chevrolet,Tahoe,2015,150000,Jeddah,100000.0
Chevrolet,Traverse,2009,325000,Al-Medina,18000.0
Toyota,Corolla,2013,183000,Qassim,30000.0
Ford,Taurus,2015,262000,Riyadh,55000.0
Toyota,Corolla,2020,11000,Riyadh,63000.0
Toyota,Avanza,2016,130000,Al-Ahsa,35000.0
Hyundai,Elantra,2018,170000,Al-Jouf,43000.0
Lexus,RX,2017,117000,Jeddah,180000.0
Isuzu,D-MAX,2013,137000,Riyadh,55000.0
Genesis,G80,2017,240000,Jeddah,80000.0
Toyota,Camry,2014,166400,Makkah,35500.0
Ford,Victoria,2011,150000,Makkah,38000.0
Hyundai,i10,2013,200000,Hail,10000.0
BMW,The M,2015,20000,Jeddah,220000.0
Mercedes,C,2018,10000,Jeddah,200000.0
Mercedes,S,2015,157000,Jeddah,215000.0
Jeep,Grand Cherokee,2013,136000,Tabouk,85000.0
Mercedes,S,2015,90000,Riyadh,225000.0
Ford,Taurus,2016,200000,Riyadh,57000.0
Toyota,Camry,2016,300000,Al-Ahsa,50000.0
HAVAL,H6,2021,1100,Riyadh,83000.0
Toyota,Corolla,2017,157000,Jeddah,47500.0
Lexus,ES,2011,282000,Jeddah,53000.0
GAC,GS8,2020,4900,Riyadh,87000.0
Chevrolet,Tahoe,2013,200000,Riyadh,55000.0
GMC,Sierra,2015,196000,Khobar,75000.0
Toyota,Yaris,2017,179000,Qassim,35000.0
Toyota,Land Cruiser,2019,12400,Riyadh,265000.0
Kia,Cadenza,2018,69000,Dammam,71000.0
Hyundai,Azera,2021,11000,Sakaka,120000.0
Ford,Expedition,2003,364800,Makkah,11000.0
Nissan,Sentra,2014,191000,Al-Medina,22000.0
Mitsubishi,L200,2012,20000,Jazan,20000.0
Jeep,Grand Cherokee,2015,138000,Jeddah,85000.0
Ford,Marquis,2003,300000,Riyadh,10000.0
Ford,Victoria,2008,278000,Aseer,22000.0
Mercedes,S,2006,280000,Jeddah,58000.0
Hyundai,Accent,2019,33000,Al-Medina,40000.0
Chevrolet,Impala,2019,100200,Riyadh,75000.0
Hyundai,Accent,2019,62400,Dammam,40000.0
GMC,Yukon,2013,107000,Dammam,75000.0
Nissan,Datsun,2015,19000,Riyadh,35000.0
Cadillac,XT5,2017,183000,Riyadh,108000.0
Toyota,Hilux,2017,124000,Jeddah,64000.0
Toyota,Hilux,2015,215000,Riyadh,65000.0
Chevrolet,Silverado,2010,228000,Riyadh,29000.0
Toyota,Corolla,2015,90000,Tabouk,45000.0
Toyota,Corolla,2015,90000,Tabouk,45000.0
Chrysler,S300,2011,140000,Aseer,23000.0
Mazda,CX9,2020,9500,Qassim,132000.0
Dodge,Challenger,2012,360000,Jubail,35000.0
JAC,Dyna,2016,6000,Riyadh,55000.0
Toyota,Camry,2008,298000,Riyadh,20000.0
GMC,Yukon,2008,299000,Makkah,30000.0
Ford,Fusion,2012,270000,Makkah,16500.0
Honda,Accord,2010,365000,Al-Medina,35000.0
GMC,Yukon,2007,300000,Makkah,35000.0
Toyota,Camry,2019,86000,Dammam,110000.0
Nissan,VTC,2015,10000,Jeddah,75000.0
Toyota,Corolla,2020,15000,Riyadh,75000.0
Kia,Rio,2014,141000,Taef,22000.0
Hyundai,Sonata,2012,271800,Dammam,24000.0
Toyota,Prado,2009,85000,Besha,73000.0
Fiat,500,2020,7000,Riyadh,115000.0
Ford,Taurus,2017,125000,Khobar,62000.0
Ford,Flex,2010,248000,Al-Medina,20000.0
INFINITI,Q,2017,144000,Riyadh,95000.0
Ford,Taurus,2019,54000,Riyadh,80000.0
Changan,CS75,2020,44000,Riyadh,58000.0
Genesis,G80,2019,52000,Riyadh,130000.0
Toyota,Corolla,2015,312000,Khobar,32000.0
Mercedes,CLS,2019,25000,Al-Ahsa,300000.0
Mercedes,S,2014,179000,Riyadh,169000.0
GMC,Yukon,2005,160000,Taef,45000.0
Chevrolet,Impala,2018,35000,Taef,85000.0
Hyundai,Tuscani,2015,130000,Jeddah,40000.0
Geely,EC7,2014,74000,Jazan,13000.0
Toyota,Land Cruiser,2018,82000,Riyadh,220000.0
Hyundai,Sonata,2012,300000,Jeddah,21000.0
GMC,Acadia,2011,253000,Dammam,20000.0
Mazda,6,2019,50000,Jeddah,90000.0
Toyota,Corolla,2018,119000,Jeddah,36000.0
Mercedes,GLC,2020,7000,Riyadh,275000.0
Hyundai,Tucson,2013,213000,Makkah,28000.0
Toyota,Land Cruiser,2020,19400,Dammam,215000.0
Toyota,Furniture,2015,147000,Jeddah,65000.0
MG,GS,2016,139000,Dammam,42000.0
Toyota,Camry,2013,410000,Hafar Al-Batin,40000.0
Toyota,Hilux,2016,8700,Riyadh,80000.0
Mitsubishi,Pajero,2016,257000,Riyadh,45000.0
Chevrolet,Tahoe,2008,300000,Aseer,29000.0
Changan,CS75,2020,11000,Dammam,70000.0
Toyota,Corolla,2013,220000,Jazan,30000.0
Chevrolet,Tahoe,2012,211000,Abha,45000.0
Mitsubishi,Pajero,2017,129000,Dammam,65000.0
Toyota,Camry,2020,20000,Aseer,92000.0
BMW,The 4,2016,110000,Jeddah,120000.0
Chevrolet,Tahoe,2015,199000,Dammam,97000.0
Lexus,RX,2017,81000,Dammam,165000.0
Other,Other,2011,33000,Al-Medina,50000.0
Toyota,Camry,2018,150000,Jazan,95000.0
Mitsubishi,Lancer,2016,18000,Jeddah,39000.0
Kia,Sportage,2018,128000,Dammam,60000.0
Hyundai,Elantra,2015,300000,Riyadh,25000.0
Jeep,Wrangler,2020,4000,Dammam,190000.0
Hyundai,Sonata,2020,100,Jeddah,72910.0
Hyundai,Sonata,2020,100,Jeddah,72910.0
Hyundai,Sonata,2020,100,Jeddah,72910.0
Audi,Q5,2012,339000,Jeddah,31000.0
Chevrolet,Malibu,2015,121000,Riyadh,17000.0
Ford,Marquis,2008,115000,Riyadh,17000.0
Hyundai,Azera,2021,9000,Riyadh,122000.0
Ford,Edge,2018,60000,Al-Medina,85000.0
Nissan,Sunny,2016,146000,Riyadh,20000.0
Dodge,Challenger,2013,173000,Jeddah,38000.0
GMC,Yukon,2015,130000,Makkah,128000.0
Kia,Sportage,2019,57000,Jeddah,75000.0
Hyundai,Senta fe,2013,196000,Al-Baha,39000.0
Kia,Cerato,2014,160000,Dammam,24000.0
Ford,Marquis,2011,327000,Al-Medina,26000.0
Peugeot,307,2007,75500,Riyadh,11000.0
Toyota,Camry,2002,20000,Qassim,15000.0
MG,ZS,2021,600,Dammam,51000.0
Ford,Expedition,2014,108000,Jazan,60000.0
GMC,Sierra,2008,194000,Dammam,39500.0
Chevrolet,Caprice,2013,190000,Riyadh,39000.0
Toyota,Camry,2019,34727,Qassim,83000.0
Hyundai,H1,2016,92000,Dammam,60000.0
Land Rover,Range Rover,2004,300000,Makkah,22000.0
Toyota,Hilux,2015,276000,Aseer,57000.0
Dodge,Charger,2010,240000,Riyadh,25000.0
GMC,Yukon,2009,20000,Riyadh,56000.0
BMW,X,2010,200000,Jeddah,61000.0
Kia,Sorento,2015,167160,Jubail,43000.0
Ford,Flex,2010,300000,Dammam,25000.0
Chevrolet,Tahoe,2011,143000,Riyadh,55000.0
Toyota,Corolla,2018,83000,Dammam,45000.0
Hyundai,Elantra,2016,280000,Riyadh,33000.0
Lexus,LX,2000,460000,Hail,46000.0
Nissan,Datsun,2015,200000,Aseer,40000.0
Jeep,Wrangler,2018,61300,Dammam,165000.0
Ford,Marquis,2006,307000,Qassim,15000.0
Chevrolet,Tahoe,2012,250385,Dammam,47500.0
Toyota,Innova,2007,199800,Jeddah,25000.0
Toyota,Previa,2002,30923,Riyadh,12000.0
Toyota,Hiace,2000,2000,Jeddah,12000.0
Toyota,Yaris,2016,9800,Dammam,32000.0
GMC,Sierra,2017,108000,Riyadh,95000.0
Toyota,Camry,2015,133000,Riyadh,56000.0
Toyota,Hilux,1999,375000,Abha,19000.0
Chevrolet,Tahoe,2017,176000,Jeddah,115000.0
Hyundai,Elantra,2017,43000,Hafar Al-Batin,49000.0
Hyundai,Accent,2018,79000,Dammam,30000.0
Toyota,Furniture,2015,157000,Taef,64000.0
Hyundai,Accent,2015,230000,Riyadh,28000.0
Toyota,Camry,2009,350000,Makkah,25000.0
Nissan,Sentra,2019,30000,Jeddah,44000.0
GMC,Suburban,2004,300000,Riyadh,8000.0
Chevrolet,Tahoe,2020,99000,Dammam,145000.0
Kia,Rio,2017,12000,Dammam,26500.0
Ford,Explorer,2010,165000,Khobar,25000.0
Ford,Expedition,2016,170000,Al-Medina,85000.0
Ford,Marquis,1995,180000,Aseer,13000.0
Toyota,Camry,2015,161000,Dammam,55000.0
Toyota,Innova,2015,114000,Jubail,49000.0
Honda,Accord,2016,183000,Al-Ahsa,67000.0
Lexus,ES,2021,6000,Dammam,175000.0
Mitsubishi,Space Star,2020,12000,Jeddah,34000.0
Mazda,6,2016,216000,Riyadh,40000.0
Hyundai,Elantra,2016,87000,Al-Medina,42000.0
Hyundai,Sonata,2011,336000,Riyadh,21000.0
Honda,Accord,2018,119041,Taef,70000.0
MG,5,2020,23000,Riyadh,44000.0
Toyota,Land Cruiser,2015,345417,Riyadh,135000.0
GMC,Acadia,2011,187000,Khobar,22000.0
Toyota,Hilux,2014,21000,Riyadh,75000.0
Ford,Edge,2009,357000,Riyadh,20000.0
Geely,EC8,2012,50000,Makkah,15000.0
Chevrolet,Impala,2016,139000,Aseer,65000.0
Toyota,Corolla,2017,66200,Riyadh,51000.0
Hyundai,Accent,2017,120000,Dammam,30000.0
Honda,Accord,2014,480000,Makkah,40000.0
Toyota,Corolla,2018,90000,Riyadh,48500.0
Toyota,Prado,2010,293715,Jeddah,75000.0
Toyota,Corolla,1997,32500,Dammam,7000.0
Hyundai,Azera,2016,199100,Riyadh,52000.0
Ford,Expedition,2006,200000,Yanbu,12000.0
Zhengzhou,Pick up,2016,128000,Al-Baha,35000.0
Renault,Duster,2016,157000,Dammam,18000.0
Mitsubishi,Pajero,2016,200000,Jeddah,50000.0
BMW,The 5,2008,285627,Riyadh,30000.0
Hyundai,Elantra,2019,66000,Riyadh,58000.0
Dodge,Durango,2012,284000,Jeddah,33000.0
Ford,Taurus,2011,301515,Al-Ahsa,26000.0
Ford,Edge,2010,187200,Jubail,25000.0
Honda,Accord,2005,547000,Khobar,19000.0
Mercedes,E,2018,167000,Riyadh,115000.0
Toyota,Land Cruiser,2015,170000,Riyadh,150000.0
Honda,Odyssey,2015,152000,Dammam,45000.0
Ford,Expedition,2013,174000,Al-Ahsa,50000.0
Hyundai,Accent,2015,105000,Riyadh,25000.0
Toyota,Corolla,2018,89000,Dammam,45000.0
Hyundai,Accent,2019,72500,Dammam,40000.0
Hyundai,Accent,2017,137000,Dammam,29000.0
Toyota,Corolla,2018,73000,Dammam,45000.0
Toyota,Corolla,2018,40000,Dammam,45000.0
Kia,Picanto,2015,85000,Dammam,18000.0
Ford,Expedition,2021,2500,Aseer,207000.0
Kia,Rio,2011,218000,Jubail,11500.0
Jeep,Wrangler,2019,26000,Riyadh,148000.0
Toyota,Cressida,1993,492000,Riyadh,11000.0
Isuzu,Dyna,2003,330000,Riyadh,40000.0
Toyota,Land Cruiser,2011,434000,Aseer,85000.0
Mercedes,Viano,2015,119000,Al-Medina,99000.0
BMW,The 7,2014,116000,Al-Medina,100000.0
Toyota,Corolla,2015,36000,Dammam,45000.0
Toyota,Corolla,2020,16000,Jeddah,62000.0
GMC,Yukon,2014,300000,Jeddah,65000.0
BMW,The 7,2018,18000,Riyadh,230000.0
Hyundai,Sonata,2018,72000,Aseer,65000.0
Chevrolet,Malibu,2014,138000,Makkah,27000.0
BMW,The 7,2009,327000,Jeddah,48000.0
Nissan,Patrol,2016,94000,Dammam,125000.0
Lexus,ES,2015,161000,Hail,74000.0
Lexus,IS,2010,165000,Al-Ahsa,45000.0
Honda,Accord,2016,167000,Aseer,72000.0
Chevrolet,Impala,2014,180000,Dammam,38000.0
Nissan,Patrol,1998,595000,Taef,20000.0
Mazda,CX7,2010,170000,Jazan,25000.0
Ford,Edge,2011,260000,Jeddah,26000.0
Kia,Cerato,2016,88000,Qassim,44000.0
Hyundai,Elantra,2017,140000,Al-Medina,42222.0
GMC,Yukon,2007,221000,Dammam,30000.0
GMC,Yukon,2008,235000,Aseer,40000.0
Hyundai,Accent,2017,156000,Riyadh,24000.0
Hyundai,Accent,2017,158000,Riyadh,24000.0
Hyundai,Accent,2017,158000,Riyadh,24000.0
Dodge,Charger,2018,5000,Taef,125000.0
Toyota,Prado,2018,97000,Riyadh,127000.0
Toyota,Corolla,2016,86500,Al-Ahsa,48000.0
Lexus,RX,2008,225000,Jeddah,37000.0
Ford,Expedition,2012,452000,Jeddah,40000.0
Ford,Edge,2012,197000,Dammam,48500.0
Honda,Accord,2012,225000,Jeddah,32000.0
Mercedes,R,2009,232000,Jeddah,35000.0
Honda,Civic,2005,400000,Dammam,7000.0
Toyota,Land Cruiser,2011,140000,Dammam,110000.0
Hyundai,Sonata,2015,380000,Riyadh,35000.0
Chevrolet,Suburban,2009,335000,Jeddah,35000.0
Toyota,Prado,2006,300000,Aseer,40000.0
Toyota,Camry,2009,520000,Makkah,23000.0
Toyota,Yaris,2017,82000,Jeddah,34000.0
Hyundai,Tucson,2020,6350,Jeddah,82000.0
Ford,Expedition,2010,230000,Jeddah,35000.0
Toyota,Hilux,2015,157000,Riyadh,60000.0
Toyota,Camry,2005,360000,Najran,22000.0
Toyota,FJ,2014,308000,Hail,75000.0
Kia,Rio,2017,116000,Qassim,29000.0
Hyundai,Elantra,2020,15800,Aseer,58000.0
Toyota,Camry,2017,167000,Riyadh,80000.0
Chery,QQ,2012,100000,Makkah,11000.0
Ford,Victoria,1999,4000,Riyadh,10000.0
Mercedes,S,2013,130000,Riyadh,115000.0
Toyota,Furniture,2013,170000,Riyadh,55000.0
Toyota,Camry,2018,111000,Riyadh,66000.0
Hyundai,Accent,2018,51000,Hafar Al-Batin,35000.0
Ford,Taurus,2016,144000,Dammam,55000.0
Mitsubishi,L300,2014,120000,Riyadh,23000.0
Lexus,LS,2008,268000,Riyadh,46000.0
Cadillac,Escalade,2009,219000,Riyadh,50000.0
Toyota,Camry,2006,240000,Riyadh,20000.0
Hyundai,Accent,2018,130000,Riyadh,27000.0
Hyundai,Accent,2018,74000,Riyadh,27000.0
Nissan,Sunny,2018,105000,Riyadh,23000.0
Hyundai,Sonata,2019,49000,Riyadh,65000.0
Ford,Taurus,2018,91769,Riyadh,68000.0
Lexus,GS,2013,287000,Riyadh,85000.0
Hyundai,Accent,2019,58000,Riyadh,35000.0
Lexus,ES,2013,137000,Tabouk,90000.0
Ford,Flex,2012,255000,Riyadh,24000.0
Mercedes,GLB,2020,7900,Riyadh,250000.0
Toyota,Corolla,2012,2755,Makkah,25000.0
Toyota,Hilux,2015,157000,Abha,60000.0
Chevrolet,Silverado,2016,96000,Aseer,95000.0
Hyundai,H1,2016,201000,Jeddah,35000.0
Kia,Cerato,2015,120000,Arar,25000.0
Mercedes,ML,2013,165000,Riyadh,90000.0
Toyota,Hilux,2016,110000,Jeddah,55000.0
Cadillac,XT5,2017,24000,Riyadh,130000.0
Lexus,RX,2017,54000,Jeddah,179000.0
Porsche,Cayenne,2019,36000,Riyadh,360000.0
Land Rover,Range Rover,2006,300000,Tabouk,25000.0
Chevrolet,Optra,2010,206000,Jeddah,8000.0
Chevrolet,Tahoe,2012,100000,Hail,75000.0
Toyota,Hilux,2018,35000,Arar,85000.0
Chrysler,C300,2010,100000,Riyadh,20000.0
Toyota,Camry,2013,180500,Jeddah,38000.0
Toyota,Camry,2010,550000,Jeddah,20000.0
Ford,Edge,2013,240000,Jeddah,43000.0
Mitsubishi,Galant,2011,265000,Jazan,12000.0
Ford,Edge,2012,395000,Qassim,35000.0
Land Rover,Range Rover,2010,188000,Al-Medina,62000.0
Toyota,Rav4,2011,135000,Riyadh,25000.0
Honda,Accord,2008,17700,Jeddah,28000.0
Kia,Sorento,2013,293000,Al-Jouf,35000.0
Chevrolet,Van Express,2008,179000,Riyadh,42000.0
Toyota,Avalon,2016,86000,Jeddah,87000.0
Mercedes,S,2012,140000,Riyadh,95000.0
Hyundai,Accent,2017,97700,Dammam,30000.0
Honda,Accord,2019,11000,Al-Ahsa,95800.0
Genesis,G80,2017,158000,Qassim,95000.0
Hyundai,Accent,2019,62000,Khobar,37000.0
Nissan,Altima,2006,247000,Riyadh,15000.0
Honda,Accord,2016,129000,Dammam,68000.0
Hyundai,Accent,2017,116000,Dammam,32000.0
Hyundai,Accent,2017,133000,Dammam,34000.0
Hyundai,Accent,2017,88000,Dammam,34000.0
Hyundai,Accent,2017,53000,Dammam,35000.0
Hyundai,Accent,2017,112000,Dammam,32000.0
Hyundai,Accent,2017,109000,Dammam,33000.0
Hyundai,Accent,2017,61000,Dammam,34000.0
GMC,Suburban,2006,500000,Jeddah,14000.0
Toyota,Furniture,2012,202245,Riyadh,41000.0
Jeep,Liberty,2012,247000,Al-Medina,25000.0
Ford,Expedition,2015,228000,Jeddah,68000.0
Toyota,Camry,2017,314000,Dammam,46000.0
Hummer,H3,2006,236000,Riyadh,22000.0
Hyundai,Sonata,2020,46000,Tabouk,85000.0
Toyota,Corolla,2015,309000,Khobar,32000.0
Mitsubishi,Pajero,2011,140000,Jubail,38000.0
Mitsubishi,Lancer,2009,222835,Riyadh,11500.0
Ford,Edge,2013,277000,Najran,30000.0
Kia,Cadenza,2012,147000,Riyadh,25000.0
Kia,Sorento,2006,257000,Dammam,15000.0
Audi,A6,2015,77000,Riyadh,75000.0
Chevrolet,Camaro,2010,150000,Riyadh,53000.0
Nissan,Altima,2011,18500,Aseer,22000.0
Cadillac,Other,2013,256000,Al-Medina,40000.0
